"held","common","latin","hue","visual","water","aspect","soil","prune","source","peak","order","bench","root","trade","retail","margin","type","shrink","returnRisk","pots","cvs","hardiness","resilience","uses","size","pest","seasonalImpact","growthSpeed","pestRisk","thirst","careLevel","sunNeed","sunMin","toxicity","compliance","hardinessNote","foliage","rootSize","stockForm","pollination","clay"
"0","Heavenly Bamboo","Nandina domestica","5","Autumn–winter foliage, red berries","Moderate · Adaptable","Sun / pt shade · S/W best for colour · Adaptable","Well-drained, any · Adaptable","RHS 8 · Light spring trim","Wk32–36 (colour showing)","Sep–Feb","Book Wk25","12+ wks","LOW","2L £3.80–£4.50","£10.99–£14.99","55–60%","Planned · winter colour structure","LOW · Transit/drought resilient","LOW · “Berries toxic?” → label sticker","2L, 3L, 5L, 7.5L","‘Obsessed’ – fiery red · ‘Firepower’ – lime→red, compact","H5","Drought & pest tolerant","Urban, patio containers","1.5–2.5m H × 1–1.5m W","","","9","4","10","8","72","40","","","Hardy through a cold UK winter, withstanding -15 to -10C.","evergreen","","","needs partner; berries are unreliable on a lone plant — group several so the flowers cross-pollinate","yes"
"0","Mexican Orange Blossom","Choisya ternata","150","Glossy aromatic evergreen leaves · fragrant white starry flowers in spring","Moderate; low once established","East / South / West","Any well-drained soil; Sheltered · avoid winter wet","RHS 8 · Lightly shape after flowering if needed","Wk14–16 (white bud showing)","May-Jun","Book Wk6","8–10 wks","MED","2L £3.90–£4.60","£11.99–£14.99","55–60%","Impulse · scented bloom","LOW · Reliable bench survivor","MED · Leaf scorch if hot S-facing pot dries → advise pt shade & even moisture","2L, 3L, 5L","‘Sundance’ – yellow foliage · ‘Aztec Pearl’ – fine leaves · syn. Choisya grandiflora","H4","Pest-free, drought tolerant once established","Sensory gardens · shrub borders · informal hedging","1.5–2.5m H × 1.5–2.5m W","","","9","3","6","4","75","40","","","Hardy through an average UK winter, withstanding -10 to -5C.","evergreen; dark glossy green leaves divided into three broad leaflets","","","not applicable","yes"
"0","Variegated Dwarf Weigela","Weigela florida ‘Nana Variegata’","335","Cream-edged green leaves · pale-pink bells · compact rounded variegated shrub","Moderate; water in dry spells","East / South / West","Moist, well-drained; Shelter from cold drying winds","Remove older stems after flowering","Wk17–19 (pink bud showing)","May-Jun","Book Wk10","6–8 wks","MED","2L £3.50–£4.20","£10.99–£12.99","55–60%","Impulse · spring bloom & variegated leaf","LOW · Hardy bench survivor","LOW · Tough deciduous shrub","2L, 3L, 5L","‘Bristol Ruby’ – deep red blooms · ‘Wine & Roses’ – purple foliage, pink blooms","H6","cold hardy · adaptable · pollinator friendly","shrub borders · cottage gardens · containers","1–1.5 m H × 1–1.5 m W","","","9","9","9","5","65","40","","","Hardy through a very cold UK winter, withstanding -20 to -15C.","deciduous","","","not applicable",""
"0","Red Hot Poker","Kniphofia 'Pyromania Orange Blaze'","28","Orange-yellow torch spikes over grassy clumps, summer–autumn","Low once established","Full sun","Free-draining; avoid winter waterlogging","Cut spent spikes; tidy foliage in spring","","Jul-Oct","","","","","","","","","","","Pyromania series","H5","Drought-tolerant once established","Borders, gravel gardens, pollinators","75 cm H × 60 cm W","","","12","3","4","6","88","","","","Hardy through a cold UK winter, withstanding -15 to -10C.","","","","",""
"0","Purple Fountain Grass","Pennisetum 'Rubrum'","330","Burgundy arching blades, buff-pink bottlebrush plumes","Low; water in prolonged drought","Full sun","Well-drained; avoid heavy clay and winter waterlogging","Cut back dead growth in spring","","Jul-Oct","","","","","","","","","","","","H2","Drought-tolerant; tender — shelter from frost","Containers, seasonal displays, hot borders","60–90 cm H × 45–60 cm W","","","14","4","12","8","90","","","","Tender: withstands 1-5C and no frost at all. Outdoors in summer only, or under glass.","","","","",""
"0","Sweet Cupcake Hydrangea","Hydrangea macrophylla 'Sweet Cupcake'","330","Rounded sugar-pink mopheads over dark green leaves, June–October","Keep reliably moist, especially in containers","East / West · sheltered morning or evening light","Moist, fertile, humus-rich; do not let the root ball dry out","Leave old flowerheads over winter; remove in spring to healthy buds","","Jun-Oct","","","","","","","","","","","'ES14' (registered) · Flair & Flavours series","H6","Harmful if eaten; sap may irritate · shelter from drying winds","Borders, containers, shaded patios","0.8–1m H × 0.9–1.2m W","","","11","8","16","8","52","34","","","Hardy through a very cold UK winter, withstanding -20 to -15C.","","","","",""
"0","Raspberry Profusion Abelia","Abelia 'Raspberry Profusion'","340","Fragrant pink bells with raspberry sepals, May–October","Water while establishing; then tolerates short dry spells","South / West · warm, sheltered spot","Fertile, light, well-drained; avoid wet, waterlogged ground","Light trim in early spring to keep the compact dome","","May-Oct","","","","","","","","","","","PBR 18358 · 'Edward Goucher' × Abelia chinensis","H5","Pollinator friendly (bees, butterflies) · shelter from cold drying winds","Borders, sunny shrub beds, pollinator planting","0.8–1.2m H × 0.8–1.2m W","","","11","2","8","6","82","46","","","Hardy through a cold UK winter, withstanding -15 to -10C.","","","","",""
"0","Burgundy Glow Bugle","Ajuga reptans 'Burgundy Glow'","340","Cream, green and wine-red variegated carpet, upright blue spikes May–June","","North / East / West","Moist, humus-rich; Avoid drought, scorching sun and stagnant winter water","","","May-Jun","","","","","","","","","","","","H7","","","10–20 cm H × 0.5–1 m W","","","16","4","12","6","42","12","","","Very hardy: withstands below -20C, so hardy anywhere in the UK.","","","","",""
"0","Double Play Doozie Spirea","Spiraea 'Double Play Doozie'","335","Vivid red new growth, deep red-pink flower clusters May–October","","East / South / West","Any fertile, well-drained; Avoid persistently wet or waterlogged ground","","","May-Oct","","","","","","","","","","","'NCSX2' (registered, Spiraea hybrid) · Double Play series","H6","","","60–90 cm H × 60–90 cm W","","","12","4","8","6","82","52","","","Hardy through a very cold UK winter, withstanding -20 to -15C.","","","","",""
"0","Pink Beauty Shrubby Cinquefoil","Potentilla fruticosa 'Pink Beauty'","330","Deep pink five-petalled flowers on a neat compact bush, May–October","","Any aspect","Moist but well-drained; Avoid waterlogging; intense heat and drought can fade the pink flowers","","","May-Oct","","","","","","","","","","","syn. 'Lovely Pink'","H7","","","0.5–1 m H × 0.5–1 m W","","","10","2","8","6","72","42","","","Very hardy: withstands below -20C, so hardy anywhere in the UK.","","","","",""
"0","Chinese Redbud","Cercis chinensis 'Avondale'","315","Dense rose-purple pea flowers wreathe the bare branches, April–May","","South / West","Moist but well-drained; Plant sheltered; avoid exposure, drought and winter waterlogging","","","Apr-May","","","","","","","","","","","","H5","","","2.5–4 m H × 1.5–2.5 m W","","","8","8","12","10","78","52","","","Hardy through a cold UK winter, withstanding -15 to -10C.","","","","",""
"0","Portuguese Laurel","Prunus lusitanica 'Angustifolia'","150","Dense glossy evergreen, red stems, fragrant white racemes in June","","Any aspect","Moist but well-drained; Avoid waterlogging; leaves and fruit harmful if eaten","","","Jun","","","","","","","","","","","'Myrtifolia' (accepted name) · syn. 'Pyramidalis'","H5","","","4–8 m H × 4–8 m W","","","12","10","10","8","66","30","","","Hardy through a cold UK winter, withstanding -15 to -10C.","evergreen","","","",""
"0","Blue Spire Russian Sage","Salvia 'Blue Spire'","250","Airy violet-blue spires over aromatic silver-grey foliage, Aug–October","","East / South / West","Dry, poor, well-drained; Avoid heavy or waterlogged winter soil","Cut stems back hard in early spring","","Aug-Oct","","","","","","","","","","","syn. Perovskia 'Blue Spire'","H5","","","1–1.2 m H × 0.5–1 m W","","","12","4","6","8","94","72","","","Hardy through a cold UK winter, withstanding -15 to -10C.","","","","",""
"0","Japanese Mahonia","Mahonia japonica","55","Fragrant pale-yellow winter sprays over bold spiny evergreen leaves","","Any aspect","Humus-rich, moist but well-drained; Avoid dry or waterlogged ground; shelter from cold winds","","","Nov-Mar","","","","","","","","","","","syn. Berberis japonica","H5","Do not eat the berries","","1.5–2 m H × 1.5–2.5 m W","","","8","4","10","6","28","0","","","Hardy through a cold UK winter, withstanding -15 to -10C.","evergreen","","","",""
"0","Golden Lanterns Himalayan Honeysuckle","Leycesteria formosa 'Golden Lanterns'","60","Glowing golden leaves, wine-red lantern bracts, white bells Jun–Sept","","Any aspect","Moist but well-drained, fertile; Avoid heavy, waterlogged soil and strong winds","","","Jun-Sep","","","","","","","","","","","'Notbruce' (registered) · sold as GOLDEN LANTERNS","H4","Berries ornamental — do not eat","","1.5–2 m H × 1.5–2 m W","","","14","2","10","6","78","42","","","Hardy through an average UK winter, withstanding -10 to -5C.","","","","",""
"0","Pugster Orchid Butterfly Bush","Buddleja 'Pugster Orchid'","315","Large fragrant lavender-pink panicles on a compact dwarf bush, Jun–Oct","","East / South / West","Moist but well-drained; Avoid waterlogging","Cut back to 20–25 cm in early spring","","Jun-Oct","","","","","","","","","","","'SMNBDO' (registered) · Pugster series","H6","Nectar-rich — draws butterflies and bees","","60–80 cm H × 60–80 cm W","","","11","10","8","8","88","58","","","Hardy through a very cold UK winter, withstanding -20 to -15C.","","","","",""
"0","Flamingo Willow","Salix integra 'Hakuro-nishiki'","130","Pink, cream and green variegated foliage on arching stems; brightest in spring","","Any aspect","Moist, fertile, well-drained; Do not let the soil dry out","Prune in late winter or early spring for vivid pink new growth","","Mar-Apr","","","","","","","","","","","syn. 'Albomaculata' · 'Nishiki Flamingo'","H5","","","1.5–2.5 m H × 1.5–2.5 m W","","","16","12","16","10","82","48","","","Hardy through a cold UK winter, withstanding -15 to -10C.","","","","",""
"0","Cape Leadwort","Plumbago auriculata","215","Clusters of clear sky-blue flowers on arching green stems, Jun–Oct","","East / South / West","Fertile, well-drained; Frost tender — overwinter above 5°C","","","Jun-Oct","","","","","","","","","","","syn. Plumbago capensis","H2","Wear gloves — sap can irritate skin; harmful if eaten","","2.5–4 m H × 1–1.5 m W","","","14","10","12","14","94","70","","","Tender: withstands 1-5C and no frost at all. Outdoors in summer only, or under glass.","","","","",""
"0","Golden Japanese Spindle","Euonymus japonicus 'Aureomarginatus'","50","Glossy dark-green leaves edged broad golden-yellow; evergreen year round","","Any aspect","Moist but well-drained; Avoid waterlogging; remove reverted all-green shoots","","","Jun-Jul","","","","","","","","","","","syn. 'Elegantissimus Aureus'","H5","Harmful if eaten","","0.5–1 m H × 0.5–1 m W","","","11","12","10","8","72","38","","","Hardy through a cold UK winter, withstanding -15 to -10C.","evergreen","","","",""
"0","Bubblegum Blast Bee Balm","Monarda didyma 'Bubblegum Blast'","330","Dense whorls of vivid hot-pink flowers over aromatic dark-green leaves","","East / South / West","Humus-rich, moist but well-drained; Avoid winter wet; give airflow to limit mildew","","","Jun-Aug","","","","","","","","","","","Sugar Buzz series","H5","Nectar-rich — draws bees, butterflies and hummingbird moths","","50–70 cm H × 60–80 cm W","","","12","8","14","8","82","50","","","Hardy through a cold UK winter, withstanding -15 to -10C.","","","","",""
"0","Common Hornbeam","Carpinus betulus","120","Pleated ribbed green leaves; catkins in spring, hop-like seed clusters after","","Any aspect","Fertile, moist but well-drained; Allow ample room — a large forest tree","Clip hedges in late summer","","Apr-May","","","","","","","","","","","'Fastigiata' — narrow upright · 'Frans Fontaine' — columnar","H7","","","15–25 m H × 8–15 m W","","","13","8","10","10","68","38","","","Very hardy: withstands below -20C, so hardy anywhere in the UK.","","","","",""
"0","Ebbinge's Silverberry","Elaeagnus ×submacrophylla","120","Leathery silver-scaled evergreen leaves; tiny fragrant cream flowers in autumn","","Any aspect","Well-drained; Avoid waterlogging and shallow chalk (causes yellowing)","Trim hedges after flowering","","Oct-Nov","","","","","","","","","","","syn. ×ebbingei · 'Gilt Edge', 'Limelight' — variegated","H5","Wind and coastal tolerant; fixes nitrogen","","2.5–4 m H × 2.5–4 m W","","","15","8","8","6","68","28","","","Hardy through a cold UK winter, withstanding -15 to -10C.","evergreen","","","",""
"0","Brazilian Giant Rhubarb","Gunnera manicata","120","Huge umbrella leaves on thick prickly stalks; conical flower spikes in summer","","Any aspect","Deep, humus-rich, permanently moist; Never dry out; shelter from wind; frost-protect crown","","","Jun-Aug","","","","","","","","","","","syn. G. brasiliensis","H4","","","2.5–3 m H × 3–4.5 m W","","","16","6","20","16","58","28","","UK RESTRICTED. Most plants sold as 'manicata' are the banned Gunnera ×cryptica — do not sell, propagate or plant without authoritatively verified ID; do not compost unidentified material.","Hardy through an average UK winter, withstanding -10 to -5C.","","","","",""
"0","October Glory Red Maple","Acer rubrum 'October Glory'","8","Broad-crowned tree turning brilliant scarlet-red late in autumn","","Any aspect","Moist, acid–neutral, well-drained; Avoid alkaline/waterlogged soil; shelter from coastal wind","","","Oct-Nov","","","","","","","","","","","'PNI 0268' (registered)","H6","Reliable autumn colour even in mild UK winters","","15–18 m H × 8–10 m W","","","12","10","14","10","84","48","","","Hardy through a very cold UK winter, withstanding -20 to -15C.","","","","",""
"0","Spider's Web Japanese Aralia","Fatsia japonica 'Tsumugi-shibori'","120","Big glossy palmate leaves frosted creamy-white; drumstick flowers in autumn","","East / South","Moist but well-drained; Shelter from cold drying winds; avoid waterlogging","","","Oct-Nov","","","","","","","","","","","sold as Spider's Web (English selling name)","H5","Ornamental fruits not for eating; some light keeps the white frosting bold","","1.5–2.5 m H × 1.5–2.5 m W","","","6","10","12","10","30","5","","","Hardy through a cold UK winter, withstanding -15 to -10C.","","","","",""
"0","New Zealand Broadleaf","Griselinia littoralis","95","Dense evergreen screen of glossy apple-green oval leaves on fresh green stems","","South / West","Fertile, well-drained; Avoid waterlogging and frost pockets; shelter inland","","","Apr-May","","","","","","","","","","","'Variegata' — cream-edged · 'Bantry Bay' — gold splashed","H5","Superb salt- and wind-tolerant coastal hedge","","4–8 m H × 2.5–4 m W","","","15","4","10","6","88","58","","","Hardy through a cold UK winter, withstanding -15 to -10C.","evergreen","","","",""
"0","Himalayan Indigo 'Silk Road'","Indigofera himalayensis 'Silk Road'","330","Airy pinnate foliage · upright lilac-pink spikes · bronze autumn tones","Moderate; water in dry spells","East / South / West","Fertile, well-drained; No winter wet · shelter from cold","Prune after flowering or hard in spring","","Jun-Aug","","","","","","","","","","","","H5","coastal · recovers after frost dieback","borders · wall training · containers · pollinators","1–1.5 m H × 0.5–1 m W","","","10","3","9","6","92","80","","","Hardy through a cold UK winter, withstanding -15 to -10C.","","","","",""
"0","Cascading Moth Orchid","Phalaenopsis Hybrid Group","320","Arching cascade of long-lived moth-like blooms above broad leathery leaves","Water when roots turn silver","East / West","Free-draining orchid bark; No standing water · keep above 15°C","Cut spent spike above a node","","Jan-Dec","","","","","","","","","","","Pulsatio appears to be a supplier brand","H1b","long-lasting flowers · indoor adaptable","houseplant · gifting · bright rooms","45–60 cm H × 20–30 cm W","","","6","8","8","9","45","25","","","Subtropical: needs a heated glasshouse at 10-15C and cannot tolerate frost.","","","","",""
"0","Laurustinus 'Eve Price'","Viburnum tinus 'Eve Price'","330","Deep pink buds open white over glossy evergreen leaves · metallic-blue berries","Moderate; water in dry spells","Any aspect","Humus-rich, well-drained; Shelter from cold winds · fruit not edible","Trim after flowering","","Dec-Apr","","","","","","","","","","","","H4","coastal · urban tolerant","hedging · screening · wildlife","1.5–2.5 m H × 1.5–2.5 m W","","","9","9","8","5","70","30","","","Hardy through an average UK winter, withstanding -10 to -5C.","evergreen","","","",""
"0","Orange Victory Itoh Peony","Paeonia 'Orange Victory'","30","Apricot-orange semi-double blooms · red flares · yellow centres · sturdy stems","Moderate; water in dry spells","East / South / West","Rich, well-drained; Plant shallow · no winter wet · irritant","Cut dead stems in autumn","","May-Jun","","","","","","","","","","","Itoh intersectional hybrid; introduced 2001","H6","sturdy stems · long-lived · cold hardy","mixed borders · cut flowers · containers","80–90 cm H × 80–90 cm W","","","5","6","8","6","88","65","","","Hardy through a very cold UK winter, withstanding -20 to -15C.","","","","",""
"0","French Lavender 'Anouk Deluxe Purple'","Lavandula stoechas 'Anouk Deluxe Purple'","275","Fat dark-purple flower heads · bright ruffled bracts · aromatic grey-green foliage","Low once established","South / West","Poor, free-draining; No winter wet · shelter from frost","Deadhead; trim after flowering","","May-Oct","","","","","","","","","","","Anouk Deluxe Series","H4","drought tolerant · coastal · deer resistant","containers · edging · pollinators","40–60 cm H × 40–60 cm W","","","8","6","4","6","95","80","","","Hardy through an average UK winter, withstanding -10 to -5C.","","","","",""
"0","Meyer's Lemon","Citrus × meyeri 'Meyer'","45","Fragrant white flowers · glossy leaves · rounded sweet orange-yellow lemons","Water freely; reduce in winter","South / West","Loam-based, free-draining; Overwinter above 5°C · sap may irritate","Shorten vigorous shoots in summer","","May-Jul","","","","","","","","","","","syn. Citrus × limon 'Improved Meyer'","H2","self-fertile · compact · fruits young","containers · conservatory · edible fruit","2.5–4 m H × 1.5–2.5 m W","","","8","10","11","14","92","75","","","Tender: withstands 1-5C and no frost at all. Outdoors in summer only, or under glass.","","","","",""
"0","Green Spire Japanese Spindle","Euonymus japonicus 'Green Spire'","120","Dense glossy dark-green foliage · upright habit · clipped ball form","Moderate; water in dry spells","South / West","Any well-drained soil; Harmful if eaten · wear gloves","Clip as needed in spring or summer","","Jan-Dec","","","","","","","","","","","retail suffix 'bol' = clipped ball form","H6","coastal · urban tolerant","topiary · edging · containers","0.5–1 m H × 0.1–0.5 m W","","","7","9","9","6","70","40","","","Hardy through a very cold UK winter, withstanding -20 to -15C.","","","","",""
"0","Jenny Japanese Holly","Ilex crenata 'Jenny'","120","Fine glossy dark-green leaves · dense box-like growth · clips into crisp shapes","Keep evenly moist in summer","East / South / West","Humus-rich, well-drained; No drought or winter wet · fruit not edible","Clip in early spring or late summer","","Jan-Dec","","","","","","","","","","","PBR cultivar; sold as bush, ball or pyramid","H6","urban tolerant · clipping tolerant","topiary · low hedging · containers","1–1.5 m H × 1–1.5 m W","","","6","10","11","8","65","40","","","Hardy through a very cold UK winter, withstanding -20 to -15C.","","","","",""
"0","Gold Rider Leyland Cypress","× Cuprocyparis leylandii 'Gold Rider'","55","Bright golden evergreen sprays · narrow conical habit · strong winter colour","Moderate until established","Any aspect","Any well-drained soil; Never cut into old wood · sap may irritate","Trim green growth 2–3 times yearly","","Jan-Dec","","","","","","","","","","","syn. × Cupressocyparis leylandii 'Gold Rider'","H6","coastal · wind tolerant","screening · hedging · golden specimen","12–25 m H × 4–8 m W","","","15","9","7","10","90","60","","","Hardy through a very cold UK winter, withstanding -20 to -15C.","evergreen","","","",""
"0","Horizon Monarch Rhododendron","Rhododendron 'Horizon Monarch'","48","Dark pink buds open huge warm-yellow trusses softly flushed pink","Keep evenly moist","Any aspect","Humus-rich, acid soil; Harmful if eaten · shelter from late frost","Deadhead; lightly trim after flowering","","Apr-Jun","","","","","","","","","","","Hillier label 'Planter' denotes a 20L specimen","H4","disease resistant · shade tolerant","woodland borders · screening · specimen","1.5–2.5 m H × 1.5–2.5 m W","","","9","11","14","10","45","25","","","Hardy through an average UK winter, withstanding -10 to -5C.","","","","",""
"0","Ōsakazuki Japanese Maple","Acer palmatum 'Ōsakazuki'","18","Large green leaves ignite brilliant orange-scarlet in autumn","Moderate; never let pots dry","East / South / West","Moist, well-drained; Shelter from wind · avoid scorching sun","Remove damaged wood while dormant","","Oct-Nov","","","","","","","","","","","syn. 'Taihai'; older listings spell 'Osakazuki'","H6","cold hardy · container tolerant","specimen · autumn colour · containers","2.5–4 m H × 2.5–4 m W","","","5","8","10","7","55","35","","","Hardy through a very cold UK winter, withstanding -20 to -15C.","","","","",""
"0","Japanese Banana","Musa basjoo","120","Huge bright-green paddle leaves · towering tropical clumps · fast suckering growth","Water and feed freely in growth","South","Humus-rich, well-drained; Wrap crown for winter · fruit inedible","Remove frost-damaged growth in spring","","Jun-Oct","","","","","","","","","","","syn. Musa japonica","H2","fast recovery · root-hardy when mulched","exotic borders · screens · large containers","2.5–4 m H × 1.5–2.5 m W","","","18","8","16","15","90","70","","","Tender: withstands 1-5C and no frost at all. Outdoors in summer only, or under glass.","","","","",""
"0","Wedding Cake Tree","Cornus controversa 'Variegata'","85","Cream-edged leaves on elegant tiered branches · white flowers · black berries","Moderate; water in dry spells","Any aspect","Moist, well-drained; Give wide space · avoid hard pruning","Remove only crossing or upright shoots","","May-Oct","","","","","","","","","","","","H5","cold hardy · generally pest free","architectural specimen · woodland edge","4–8 m H × 4–8 m W","","","6","5","10","6","60","35","","","Hardy through a cold UK winter, withstanding -15 to -10C.","","","","",""
"0","Common Olive","Olea europaea","75","Rugged trunk · narrow silver-grey evergreen leaves · small cream summer flowers","Low once established","South","Deep, sharply drained; Shelter from frost · Xylella high-risk host","Shape or restrict size in spring","","Jan-Dec","","","","","","","","","","","many fruiting cultivars exist","H4","drought · coastal · urban tolerant","containers · Mediterranean gardens · fruit","4–8 m H × 1.5–2.5 m W","","","5","9","4","9","95","80","","Xylella fastidiosa high-risk host. Imported olives are subject to plant-health inspection; report suspected symptoms rather than moving affected material.","Hardy through an average UK winter, withstanding -10 to -5C.","evergreen","","","",""
"0","Bloodgood Japanese Maple","Acer palmatum 'Bloodgood'","350","Deep red-purple leaves from spring · vivid crimson autumn colour · red samaras","Moderate; never let pots dry","East / South / West","Moist, well-drained; Shelter from wind · avoid leaf scorch","Remove damaged wood while dormant","","Apr-Nov","","","","","","","","","","","","H6","cold hardy · container tolerant","specimen · dark foliage · containers","2.5–4 m H × 2.5–4 m W","","","5","8","10","7","60","40","","","Hardy through a very cold UK winter, withstanding -20 to -15C.","","","","",""
"0","Hot Lips Sage","Salvia 'Hot Lips'","0","Red-and-white lipped flowers shift with weather · aromatic green foliage","Low once established","South / West","Light, well-drained; No winter wet · shelter from frost","Cut back in spring; deadhead","","Jun-Nov","","","","","","","","","","","syn. Salvia × jamensis 'Hot Lips'; Salvia microphylla 'Hot Lips'","H5","drought tolerant · coastal","pollinators · gravel gardens · containers","0.5–1 m H × 0.5–1 m W","","","12","8","6","8","90","65","","","Hardy through a cold UK winter, withstanding -15 to -10C.","","","","",""
"0","Honey Tulip Magnolia","Magnolia HONEY TULIP ('Jurmag5')","48","Goblet-shaped honey-yellow flowers softly flushed pink at the base","Moderate; water in dry spells","South / West","Moist, acid to neutral; Shelter from cold winds and late frost","Prune minimally from midsummer to early autumn","","Mar-Apr","","","","","","","","","","","trade name HONEY TULIP; cultivar code 'Jurmag5'","H5","cold hardy once established","specimen · spring colour · small gardens","2.5–4 m H × 2.5–4 m W","","","6","8","10","7","75","45","","","Hardy through a cold UK winter, withstanding -15 to -10C.","","","","",""
"0","Big Blue Sea Holly","Eryngium × olivierianum BIG BLUE ('Myersblue')","220","Electric-blue stems and flowerheads · long prickly silver-blue bracts","Low once established","East / South / West","Poor, sharply drained; Full sun essential · no winter wet","Leave seedheads over winter; cut back in spring","","Jun-Sep","","","","","","","","","","","syn. Eryngium × zabelii 'Big Blue'; cultivar code 'Myersblue'","H5","drought tolerant · coastal","pollinators · cut flowers · gravel gardens","60–75 cm H × 30–50 cm W","","","8","8","3","4","98","85","","Plant Breeders' Rights apply: do not propagate 'Myersblue' for resale without a licence.","Hardy through a cold UK winter, withstanding -15 to -10C.","","","","",""
"0","Winter Beauty Honeysuckle","Lonicera × purpusii 'Winter Beauty'","50","Bare winter branches carry intensely scented cream-white tubular flowers","Moderate; water in dry spells","Any aspect","Any well-drained soil; Avoid waterlogged ground","Thin and lightly shape after flowering","","Dec-Mar","","","","","","","","","","","","H6","cold hardy · coastal · fruit harmful if eaten","winter scent · pollinators · shrub borders","1.5–2.5 m H × 1.5–2.5 m W","","","9","8","8","4","65","35","","","Hardy through a very cold UK winter, withstanding -20 to -15C.","","","","",""
"0","Winged Spindle","Euonymus alatus","0","Corky winged stems · green leaves blaze crimson in autumn · red-purple fruit","Moderate; water in dry spells","Any aspect","Moist, well-drained; Harmful if eaten · wear gloves","Lightly prune after flowering","","Sep-Nov","","","","","","","","","","","syn. Celastrus alatus","H6","cold hardy · exposed-site tolerant","specimen · hedge · autumn colour","1.5–2.5 m H × 1.5–2.5 m W","","","8","9","8","5","80","45","","","Hardy through a very cold UK winter, withstanding -20 to -15C.","","","","",""
"0","Bigleaf golden ray 'Treasure Island'","Ligularia 'Treasure Island'","50","Matte green leaves · rhubarb-red stems · clustered golden-yellow flowers","Keep consistently moist","Any aspect","Rich, moisture-retentive; Never allow to dry · shelter from wind","Remove spent stems; cut back in autumn","","Jul-Sep","","","","","","","","","","","Introduced as Ligularia × 'Treasure Island'","H6","cold hardy · wet-soil tolerant","waterside · woodland borders · pollinators","1.2–1.5 m H × 60–90 cm W","","","14","13","16","10","42","25","","","Hardy through a very cold UK winter, withstanding -20 to -15C.","","","","",""
"0","Dream Dazzler Stonecrop","Hylotelephium 'Dream Dazzler'","330","Purple-grey leaves edged hot pink · deep-pink flowers · compact non-flopping mat","Low once established","South / West","Sandy, well-drained; Full sun for colour · avoid winter wet","Cut back after flowering or leave seedheads","","Apr-Oct","","","","","","","","","","","SunSparkler Series; syn. Sedum 'Dream Dazzler'","H7","drought · heat · mildew resistant","groundcover · rockeries · containers","20–25 cm H × 40–50 cm W","","","9","7","3","4","95","50","","","Very hardy: withstands below -20C, so hardy anywhere in the UK.","","","","",""
"0","Rosemary Foster Rough-Leaved Hydrangea","Hydrangea aspera 'Rosemary Foster'","275","Purple-blue lacecaps · white ray florets · chocolate-bronze young foliage","Keep evenly moist; water more in sun","North / East / West","Well-drained loam; Sheltered · improve chalky soil","Deadhead and remove weak stems in spring","","Jun-Sep","","","","","","","","","","","","H5","compact · cold hardy · good autumn colour","woodland borders · containers · pollinators","1–1.5 m H × 0.5–1 m W","","","9","11","13","8","48","30","","","Hardy through a cold UK winter, withstanding -15 to -10C.","","","","",""
"0","Maidenhair Tree","Ginkgo biloba","55","Fan-shaped green leaves turn clear golden yellow · sculptural ancient tree","Moderate until established","Any aspect","Any well-drained soil; Allow space · avoid waterlogged sites","No routine pruning; remove dead wood","","Oct-Nov","","","","","","","","","","","syn. Salisburia adiantifolia","H6","pollution · wind · drought tolerant","specimen · urban tree · autumn colour","15–25 m H × 4–8 m W","","","5","2","6","4","92","75","","","Hardy through a very cold UK winter, withstanding -20 to -15C.","","","","",""
"0","Cabbage palm Charlie Boy","Cordyline australis CHARLIE BOY ('Ric01')","335","Burgundy-bronze blades · vivid pink margins · upright palm-like crown","Low once established","East / South / West","Fertile, well-drained; Shelter from frost · avoid winter wet","Pull away dead leaves; cut frost damage in spring","","Jan-Dec","","","","","","","","","","","Breeder code 'Ric01' · trade designation CHARLIE BOY","H3","drought tolerant · wind tolerant","architectural · gravel gardens · patio containers","2.5–4 m H × 1–1.5 m W","","","9","6","5","8","65","45","","","Half-hardy: withstands -5 to 1C. Outdoors in mild or coastal UK gardens; needs shelter or winter protection elsewhere.","","","","",""
"0","Gaura 'Gaudi Rose'","Oenothera lindheimeri GAUDI ROSE ('Florgaucomro')","335","Rose-pink starry flowers · red buds and stems · dark green leaves flushed burgundy","Moderate; drought tolerant once established","East / South / West","Fertile, well-drained; Avoid excess winter wet","Remove spent stems; cut back in early spring","","Jun-Oct","","","","","","","","","","","Breeder code 'Florgaucomro' · trade designation GAUDI ROSE · formerly Gaura lindheimeri","H4","drought tolerant · generally pest free","border edging · containers · pollinators","30 cm H × 30–40 cm W","","","10","3","7","5","85","50","","","Hardy through an average UK winter, withstanding -10 to -5C.","","","","",""
"0","Panicled hydrangea 'Wim’s Red'","Hydrangea paniculata 'Wim’s Red'","350","White panicles deepen through pink to wine-red · red stems · dark green leaves","Keep evenly moist; water in dry spells","Any aspect","Fertile, drained; Avoid dry soil · best red colour in sun","Prune to strong buds in early spring","","Jun-Oct","","","","","","","","","","","US plant-patent denomination 'WIMS RED'","H5","cold hardy · heat tolerant · shade tolerant","specimen · mixed borders · flowering hedge · pollinators","1.5–2 m H × 1.2–1.5 m W","","","13","8","13","7","78","42","","","Hardy through a cold UK winter, withstanding -15 to -10C.","","","","",""
"0","Dwarf rhododendron 'Gartendirektor Glocker'","Rhododendron 'Gartendirektor Glocker'","345","Rose-red bells with darker rims · bronze young leaves · compact rounded habit","Keep evenly moist; water in dry spells","Any aspect","Acidic, drained; Avoid chalk · drought · waterlogging","Deadhead; tidy wayward shoots after flowering","","Apr-May","","","","","","","","","","","Synonym Rhododendron 'Director Glockner' · Doncaster × R. williamsianum","H5","cold hardy · shade tolerant","small gardens · woodland borders · containers","75–100 cm H × 1–1.2 m W","","","7","8","13","7","60","30","","","Hardy through a cold UK winter, withstanding -15 to -10C.","","","","",""
"0","Shirasawa maple Moonrise","Acer shirasawanum MOONRISE ('Munn 001')","5","Bright-red spring leaves · chartreuse summer foliage · orange-red autumn colour","Moderate; water in dry spells","North / East / West","Fertile, moist, drained; Avoid hot midday sun · drying winds","Prune minimally from Jul-Jan","","Apr-Nov","","","","","","","","","","","Breeder code 'Munn 001' · trade designation MOONRISE","H6","cold hardy · improved scorch resistance · disease tolerant","specimen · small gardens · shaded borders · large containers","1.5–2.5 m H × 1.5–2.5 m W","","","11","5","10","6","55","35","","","Hardy through a very cold UK winter, withstanding -20 to -15C.","","","","",""
"0","Crimson bottlebrush 'Splendens'","Callistemon citrinus 'Splendens'","0","Crimson bottlebrush spikes · lemon-scented leaves · pink-flushed new growth","Moderate; water in dry spells","South / West","Moist, well-drained; Shelter from frost · avoid winter wet","Shape lightly after flowering","","May-Aug","","","","","","","","","","","Synonyms Callistemon 'Splendens' and C. citrinus 'Endeavour' · Kew accepts Melaleuca citrina","H3","drought tolerant · salt-spray tolerant","specimen · sunny walls · coastal gardens · pollinators","2–4 m H × 2–3 m W","","","12","8","7","9","90","72","","","Half-hardy: withstands -5 to 1C. Outdoors in mild or coastal UK gardens; needs shelter or winter protection elsewhere.","","","","",""
"0","Pink Annabelle Hydrangea","Hydrangea arborescens 'Pink Annabelle'","330","Large mophead clusters ageing from pale green-white to soft pink · summer","Keep moist — dislikes drying out","Any aspect","Fertile, humus-rich","Flowers on new wood — hard prune near ground in late winter","","Jun-Sep","","","","","","","","","","","'Annabelle'","H6","Very hardy, reliable once established; takes more sun than most hydrangeas","Borders, mass planting, cut/dried flowers","1–1.5 m H × 1–1.5 m W","","","14","8","16","10","50","","","","Hardy through a very cold UK winter, withstanding -20 to -15C.","","","","",""
"0","Pittosporum 'Elizabeth'","Pittosporum tenuifolium 'Elizabeth'","55","Small wavy-edged leaves, cream margins flushed pink in cool weather · year-round","Moderate","Any aspect","Fertile, well-drained","Trim to shape spring/summer, tolerates clipping","","Jan-Dec","","","","","","","","","","","'Silver Queen', 'Purpureum', 'Tom Thumb'","H4","Generally good; leaf damage possible in hard frost, cold winds or exposed sites","Hedging, mixed borders, foliage contrast, cut foliage","1.5–2.5 m H × 1–1.5 m W","","","10","4","8","6","65","","","","Hardy through an average UK winter, withstanding -10 to -5C.","","","","",""
"0","Goshiki Holly Olive","Osmanthus heterophyllus 'Goshiki'","85","Cream-flecked holly-like leaves · pink-bronze new growth · fragrant white flowers","Moderate; water in prolonged dry spells","Any aspect","Moist, well-drained; Avoid waterlogged ground","Prune lightly in mid-spring if needed","","Jan-Dec","","","","","","","","","","","syn. Osmanthus heterophyllus 'Tricolor'","H5","coastal · generally pest free","hedging · woodland gardens · containers","1–1.5 m H × 1–1.5 m W","","","5","3","7","4","65","35","","","Hardy through a cold UK winter, withstanding -15 to -10C.","","","","",""
"0","Eastern Redbud","Cercis canadensis 'Eternal Flame'","350","Heart-shaped leaves: glossy burgundy-red through fiery orange to golden yellow","Moist, not waterlogged","Any aspect","Mod. fertile, well-drained","Light prune late winter — shape + dead/crossing wood","","Apr-Oct","","","","","","","","","","","'Forest Pansy', 'Ruby Falls', 'Hearts of Gold'","H6","Very resilient once established but dislikes root disturbance","Specimen tree, courtyard gardens, mixed borders","4 m H × 4 m W","","","8","6","11","5","70","","","","Hardy through a very cold UK winter, withstanding -20 to -15C.","","","","",""
"0","Giant Hyssop","Agastache 'Summerlong Coral'","355","Upright spikes of tubular coral-pink flowers over green foliage","Low to moderate","Any aspect","Any well-drained soil; Hates winter wet","Deadhead to prolong flowering; cut old stems early spring","","Jun-Oct","","","","","","","","","","","'Summerlong Lemon', 'Summerlong Blue', 'Kudos Coral'","H4","Drought-tolerant once established","Sunny borders, gravel gardens, containers, pollinator planting","50 cm H × 50 cm W","","","14","4","5","7","90","","","","Hardy through an average UK winter, withstanding -10 to -5C.","","","","",""
"0","Variegated Spanish Dagger","Yucca gloriosa 'Variegata'","55","Rigid blue-green sword leaves broadly edged creamy yellow · architectural","Low once established","East / South","Dry, gritty, well-drained; Sharp tips · toxic to pets · no winter wet","","","Aug-Oct","","","","","","","","","","","syn. 'Aureovariegata'","H5","","","1.5–2.5 m H × 1.5–2.5 m W","","","8","6","6","6","95","72","","","Hardy through a cold UK winter, withstanding -15 to -10C.","","","","",""
"0","Peruvian lily 'Indian Summer'","Alstroemeria INDIAN SUMMER ('Tesronto')","25","Copper-orange blooms · yellow throats · bronze-purple foliage · near-black buds","Moderate; water in dry spells","East / South / West","Moist, fertile, drained; Avoid winter wet · shelter from wind","Pull spent stems from base after flowering","","May-Nov","","","","","","","","","","","Breeder code 'Tesronto' · Summer Paradise Series","H4","drought tolerant once established · generally disease-free","cut flowers · borders · patio containers","60–90 cm H × 50–60 cm W","","","14","8","10","9","82","45","","","Hardy through an average UK winter, withstanding -10 to -5C.","","","","",""
"0","Kousa Dogwood 'Flower Tower'","Cornus kousa FLOWER TOWER ('Zuilb1')","150","Creamy-white bracts · green button centres · red autumn colour · narrow column","Regular in dry spells; dislikes drought","Any aspect","Humus-rich, well-drained; Neutral to acid; avoid shallow chalk","Minimal; take out dead or crossing stems in late winter","","May-Jun","","","","","","","","","","","Breeder code 'Zuilb1' · Dutch selection, introduced 2023","H6","resistant to dogwood anthracnose · generally trouble-free","small gardens · narrow spaces · specimen tree","3–4 m H × 1–1.5 m W","","","7","4","12","5","70","40","","","Hardy through a very cold UK winter, withstanding -20 to -15C.","","","","",""
"0","Everflame Red Hook Sedge","Uncinia 'Everflame'","5","Glossy bronze blades edged vivid scarlet · compact evergreen fountain","Keep evenly moist","South / West","Humus-rich, well-drained; Shelter from hard frost · no winter wet","Remove dead foliage and old flower stems in spring","","Jan-Dec","","","","","","","","","","","trade name EVERFLAME; accepted taxonomy is Carex punicea but retail labels retain Uncinia","H3","generally pest and disease free","containers · edging · rock gardens","25–30 cm H × 30–40 cm W","","","6","2","10","8","80","55","","","Half-hardy: withstands -5 to 1C. Outdoors in mild or coastal UK gardens; needs shelter or winter protection elsewhere.","evergreen","","","",""
"0","Doctor King Camellia","Camellia japonica 'Doctor King'","345","Ruffled reddish-pink blooms · golden stamens · glossy dark evergreen foliage","Keep evenly moist; water in dry spells","North / South / West","Acid, moist, well-drained; Shelter from cold wind and morning sun","Deadhead; remove damaged wood after flowering","","Mar-May","","","","","","","","","","","commonly sold as Camellia japonica 'Dr King'","H4","shade tolerant · low maintenance","woodland borders · containers · specimens","2.5–4 m H × 1–1.5 m W","","","6","10","12","8","35","15","","","Hardy through an average UK winter, withstanding -10 to -5C.","evergreen","","","",""
"0","Bluebeard 'Worcester Gold'","Caryopteris × clandonensis 'Worcester Gold'","225","Golden aromatic foliage · violet-blue late-summer flowers · rounded habit","Low once established","South / West","Light, well-drained; Shelter from cold · avoid winter wet","Cut back hard to a low framework in spring","","Jul-Oct","","","","","","","","","","","","H4","drought tolerant · coastal suitable","borders · gravel gardens · pollinators","0.5–1 m H × 1–1.5 m W","","","9","8","5","5","95","80","","","Hardy through an average UK winter, withstanding -10 to -5C.","","","","",""
"0","Summer Fruits Lemon Yarrow","Achillea millefolium 'Summer Fruits Lemon'","55","Flat lemon-yellow flowerheads · feathery grey-green foliage · compact clumps","Low once established","East / South / West","Well-drained loam or sand; Full sun · avoid winter wet","Deadhead for repeat bloom; cut back in spring","","Jun-Oct","","","","","","","","","","","Summer Fruits Series","H7","drought tolerant · exposed-site tolerant","pollinators · cut flowers · prairie borders","60–80 cm H × 50–60 cm W","","","10","8","4","4","95","75","","","Very hardy: withstands below -20C, so hardy anywhere in the UK.","","","","",""
"0","Fanal Yarrow","Achillea 'The Beacon'","350","Cerise-red flat flowerheads · yellow centres · finely cut grey-green foliage","Low once established","East / South / West","Well-drained loam or sand; Avoid heavy wet clay in winter","Deadhead; cut untidy foliage back in spring","","Jun-Jul","","","","","","","","","","","syn. Achillea millefolium 'Fanal'","H7","drought tolerant · exposed-site tolerant","pollinators · cut flowers · cottage borders","60–75 cm H × 30–50 cm W","","","10","8","5","4","90","55","","","Very hardy: withstands below -20C, so hardy anywhere in the UK.","","","","",""
"0","Whitewater Dog Hobble","Leucothoe fontanesiana WHITEWATER ('Howw')","120","Cream-edged evergreen leaves flush rich red in winter · white spring bells","Keep evenly moist","North / East / West","Moist, acid to neutral; Sheltered · avoid dry or chalky soil","Remove dead or misplaced shoots after flowering","","Jan-Dec","","","","","","","","","","","trade name WHITEWATER; cultivar code 'Howw'","H6","shade tolerant · generally pest free","woodland borders · containers · groundcover","1–1.5 m H × 1–1.5 m W","","","7","4","13","5","30","10","","","Hardy through a very cold UK winter, withstanding -20 to -15C.","evergreen","","","",""
"0","Daredevil Hydrangea","Hydrangea DAREDEVIL ('Jpd01')","350","Near-black red foliage · pink-purple lacecaps · fiery red autumn colour","Keep evenly moist; water more in sun","East / South / West","Moist, acid to neutral; Sheltered · improve chalky soil","Deadhead and remove weak stems in spring","","Jun-Oct","","","","","","","","","","","cultivar code 'Jpd01'; syn. Hydrangea serrata DAREDEVIL","H5","compact · repeat flowering · cold hardy","containers · small gardens · shrub borders","1–1.5 m H × 1–1.5 m W","","","6","11","14","8","60","35","","","Hardy through a cold UK winter, withstanding -15 to -10C.","","","","",""
"0","Enchantress Indian Hawthorn","Rhaphiolepis × delacourii ENCHANTRESS ('Moness')","335","Rose-pink scented flower clusters · glossy evergreen leaves · compact rounded habit","Moderate; low once established","East / South / West","Well-drained loam or sand; Shelter from cold drying winds","Lightly shape after flowering; remove damaged shoots","","May-Jun","","","","","","","","","","","trade name ENCHANTRESS; cultivar code 'Moness'","H4","drought tolerant · coastal · low maintenance","containers · borders · courtyards","1–1.5 m H × 1–1.5 m W","","","5","6","7","5","80","45","","","Hardy through an average UK winter, withstanding -10 to -5C.","evergreen","","","",""
"0","Petite Perfume Pink Mock Orange","Philadelphus PETITE PERFUME PINK ('P1')","335","Deep-pink buds open fragrant pale-pink blooms · compact mound-forming shrub","Moderate; low once established","East / South / West","Fertile, well-drained; Sheltered site","Prune only to shape after flowering","","May-Jul","","","","","","","","","","","trade name PETITE PERFUME PINK; cultivar code 'P1'","H6","drought · coastal · pollution tolerant","containers · scented gardens · shrub borders","1–1.5 m H × 0.5–1 m W","","","7","8","6","4","80","45","","","Hardy through a very cold UK winter, withstanding -20 to -15C.","","","","",""
"0","Balearic Island Sage","Phlomis italica","335","Woolly silver-grey leaves · whorls of soft pink hooded summer flowers","Low once established","South / West","Fertile, well-drained; Shelter from cold · avoid winter wet","Lightly trim after flowering; remove dead wood","","Jun-Aug","","","","","","","","","","","","H4","drought tolerant · coastal · low maintenance","gravel gardens · pollinators · sunny borders","0.5–1 m H × 0.5–1 m W","","","7","6","5","4","95","80","","","Hardy through an average UK winter, withstanding -10 to -5C.","","","","",""
"0","Flutter Pure White Small Scabious","Scabiosa columbaria FLUTTER PURE WHITE ('Balflutturite')","0","Pure-white pincushion flowers · finely divided grey-green foliage · compact mound","Moderate; water during prolonged dry spells","Any aspect","Moist, well-drained; Avoid acidic soil and winter wet","Deadhead regularly to prolong flowering","","Jun-Sep","","","","","","","","","","","Flutter Series; trade name FLUTTER PURE WHITE; cultivar code 'Balflutturite'","H5","generally pest and disease free","pollinators · cut flowers · gravel gardens","30–36 cm H × 25–30 cm W","","","8","3","7","4","95","65","","","Hardy through a cold UK winter, withstanding -15 to -10C.","","","","",""
"0","Variegated Wall Cotoneaster","Cotoneaster atropurpureus 'Variegatus'","85","Cream-edged green leaves flush pink-red in autumn · red berries · herringbone stems","Low once established","East / South / West","Any well-drained soil; Full sun best · avoid winter wet","Prune lightly after flowering; train wall stems as needed","","May-Nov","","","","","","","","","","","syn. Cotoneaster horizontalis 'Variegatus'","H6","drought tolerant · coastal · exposed-site tolerant","groundcover · banks · walls · wildlife gardens","0.1–0.5 m H × 0.5–1 m W","","","7","9","4","4","95","70","","","Hardy through a very cold UK winter, withstanding -20 to -15C.","","","","",""
"0","Chile Lantern Tree","Crinodendron hookerianum","0","Crimson lantern-shaped flowers hang beneath narrow glossy evergreen leaves","Keep evenly moist; water in dry spells","South / West","Moist, well-drained acid; Sheltered · keep roots cool · avoid chalk","Remove dead or damaged wood in late spring","","May-Aug","","","","","","","","","","","syn. Tricuspidaria lanceolata; Tricuspidaria hookeriana","H4","generally pest and disease free","architectural specimen · wall borders · courtyards","4–8 m H × 2.5–4 m W","","","7","2","12","8","60","35","","","Hardy through an average UK winter, withstanding -10 to -5C.","","","","",""
"0","Kojo-no-mai Fuji Cherry","Prunus incisa 'Kojo-no-mai'","335","Zig-zag branches · pale pink-white spring blossom · fiery autumn foliage","Moderate; water in dry spells","East / South / West","Moist, well-drained; Avoid waterlogged ground","Prune only if needed in midsummer","","Mar-Apr","","","","","","","","","","","","H6","cold hardy · exposed-site tolerant","containers · courtyards · pollinators","1.5–2.5 m H × 1.5–2.5 m W","","","7","10","8","5","85","50","","","Hardy through a very cold UK winter, withstanding -20 to -15C.","","","","",""
"0","Pink Elle Escallonia","Escallonia laevis PINK ELLE ('Lades')","335","Glossy evergreen foliage · large rich-pink flower clusters · compact rounded habit","Moderate; low once established","East / South / West","Any well-drained soil; Shelter from cold winds","Deadhead; lightly shape after flowering","","Jun-Sep","","","","","","","","","","","trade name PINK ELLE; cultivar code 'Lades'","H3","drought tolerant · coastal · exposed-site tolerant","hedging · pollinators · borders · containers","1–1.5 m H × 1–1.5 m W","","","8","10","7","6","85","45","","","Half-hardy: withstands -5 to 1C. Outdoors in mild or coastal UK gardens; needs shelter or winter protection elsewhere.","evergreen","","","",""
"0","Harlequin Spindle","Euonymus fortunei 'Harlequin'","90","Cream-white mottled foliage · pink winter flush · low spreading evergreen habit","Moderate; water in dry spells","Any aspect","Moist, well-drained; Avoid waterlogging and deep shade","Trim lightly in spring to maintain shape","","Jan-Dec","","","","","","","","","","","","H5","coastal · exposed-site tolerant","groundcover · low hedging · containers","0.5–0.6 m H × 0.5–1 m W","","","7","10","7","5","70","30","","","Hardy through a cold UK winter, withstanding -15 to -10C.","evergreen","","","",""
"0","Morning Light Eulalia","Miscanthus sinensis 'Morning Light'","105","Fine green-and-white blades · airy pink-tinged autumn plumes · graceful arching clump","Moderate; water while establishing","Any aspect","Moist, well-drained; Full sun · avoid excessive winter wet","Cut dead foliage and stems to ground in spring","","Aug-Nov","","","","","","","","","","","syn. Miscanthus sinensis 'Gracillimus Variegatus'","H6","exposed-site tolerant · generally pest free","borders · screens · cut flowers","1–1.5 m H × 0.5–1 m W","","","10","2","9","3","95","80","","","Hardy through a very cold UK winter, withstanding -20 to -15C.","","","","",""
"0","Intense Blue Fescue","Festuca glauca INTENSE BLUE ('Casblue')","210","Dense steely-blue tufts · fine needle-like foliage · airy brown summer flower stems","Low once established","Any aspect","Poor, well-drained; Full sun · avoid heavy or wet soil","Comb out dead foliage in spring","","Jan-Dec","","","","","","","","","","","cultivar code 'Casblue'; syn. Festuca glauca 'Ice Blue'","H5","drought tolerant · generally pest free","rockeries · gravel gardens · containers","30 cm H × 30 cm W","","","6","3","3","3","98","85","","","Hardy through a cold UK winter, withstanding -15 to -10C.","","","","",""
"0","Orange Ice Japanese Barberry","Berberis thunbergii 'Orange Ice'","25","Compact upright shrub · vivid orange-copper leaves · yellow flowers · red berries","Low once established","Any aspect","Any well-drained soil; Full sun gives strongest foliage colour","Trim after flowering if shape control is needed","","Apr-Nov","","","","","","","","","","","","H7","very cold hardy · coastal tolerant","containers · low hedging · foliage colour","60–70 cm H × 30–40 cm W","","","5","9","6","5","95","60","","","Very hardy: withstands below -20C, so hardy anywhere in the UK.","","","","",""
"0","Tiny Tails Fountain Grass","Pennisetum advena TINY TAILS ('TUS022')","350","Dense dark-red mound · large fluffy reddish-silver plumes from summer into autumn","Low once established","South / West","Light, well-drained; Shelter from frost · avoid winter wet","Cut dead foliage to ground in early spring","","Jun-Oct","","","","","","","","","","","trade name TINY TAILS; cultivar code 'TUS022'; syn. Pennisetum × advena","H3","drought · heat tolerant","containers · prairie planting · cut flowers","50 cm H × 30 cm W","","","11","3","4","9","90","60","","","Half-hardy: withstands -5 to 1C. Outdoors in mild or coastal UK gardens; needs shelter or winter protection elsewhere.","","","","",""
"0","Katsura Tree","Cercidiphyllum japonicum","35","Heart-shaped leaves · red young stems · glowing yellow-orange autumn colour","Keep evenly moist; water in dry spells","Any aspect","Moist, well-drained; Sheltered · protect young leaves from late frost","No routine pruning; remove dead or damaged wood","","Sep-Nov","","","","","","","","","","","","H5","generally pest free · cold hardy","large specimen · woodland gardens · autumn colour","12–20 m H × 8–12 m W","","","8","3","12","5","70","35","","","Hardy through a cold UK winter, withstanding -15 to -10C.","","","","",""
"0","Starship Deep Rose Lobelia","Lobelia × speciosa STARSHIP DEEP ROSE ('Pas905518')","340","Deep rose flower spikes · black stems · dark green foliage · strong upright clumps","Keep evenly moist","Any aspect","Rich, moisture-retentive; Avoid drought and stagnant winter wet","Cut back after flowering","","Jul-Oct","","","","","","","","","","","Starship Series; cultivar code 'Pas905518'","H4","coastal · thrives in reliably moist soil","borders · containers · pond margins · pollinators","0.6–0.9 m H × 0.3–0.5 m W","","","10","9","15","8","70","40","","","Hardy through an average UK winter, withstanding -10 to -5C.","","","","",""
"0","White Sands Lomandra","Lomandra longifolia WHITE SANDS ('Roma 13')","85","Arching grey-green leaves striped cream-white · evergreen fountain · yellow flowers","Moderate until established","Any aspect","Moist, well-drained; Avoid heavy soil · shelter from severe frost","Remove damaged or tired leaves in spring","","Jan-Dec","","","","","","","","","","","cultivar code 'Roma 13'; RHS trade synonym PLATINUM BEAUTY","H4","heat · drought · coastal tolerant","containers · groundcover · coastal planting","70 cm H × 1 m W","","","12","3","5","4","85","50","","","Hardy through an average UK winter, withstanding -10 to -5C.","evergreen","","","",""
"0","Japanese Loquat","Eriobotrya japonica","120","Bold corrugated evergreen leaves · scented white autumn flowers · orange fruit","Water moderately; reduce in winter","East / South","Fertile, well-drained; Shelter from frost/wind","Remove dead wood; restrict size after fruiting","","Jan-Dec","","","","","","","","","","","","H4","coastal · urban tolerant · low maintenance","architectural specimen · wall borders · conservatory","4–8 m H × 4–8 m W","","","9","7","9","9","90","75","","","Hardy through an average UK winter, withstanding -10 to -5C.","evergreen","","","",""
"0","Sapphire Ring Chinese Plumbago","Ceratostigma willmottianum SAPPHIRE RING ('Lissbrill')","220","Electric-blue late flowers · green leaves turn vivid red-purple in autumn","Moderate; water while establishing","South / West","Light, well-drained; Full sun · avoid heavy winter wet","Cut shoots back close to previous year's growth","","Aug-Oct","","","","","","","","","","","trade name SAPPHIRE RING; cultivar code 'Lissbrill'","H3","coastal · exposed-site tolerant · generally pest free","gravel gardens · banks · borders · pollinators","0.5–1 m H × 0.1–0.5 m W","","","9","4","7","6","95","85","","","Half-hardy: withstands -5 to 1C. Outdoors in mild or coastal UK gardens; needs shelter or winter protection elsewhere.","","","","",""
"0","Fastigiata Robusta Yew","Taxus baccata 'Fastigiata Robusta'","120","Dense dark-green needles · exceptionally narrow upright columnar evergreen habit","Moderate until established","Any aspect","Any well-drained soil; Avoid waterlogged ground","No routine pruning; trim or shape when required","","Jan-Dec","","","","","","","","","","","","H7","exposure · shade · urban pollution tolerant","architectural planting · hedging · screening","8–12 m H × 2.5–4 m W","","","4","8","6","4","60","10","","","Very hardy: withstands below -20C, so hardy anywhere in the UK.","evergreen","","","",""
"0","Big Blue Lilyturf","Liriope muscari","275","Dark evergreen grass-like leaves · upright violet-purple autumn flower spikes","Moderate; drought tolerant once established","North / East / West","Moist, acid, well-drained; Shelter from cold drying winds","Cut old leaves to ground in spring","","Sep-Nov","","","","","","","","","","","syn. Liriope platyphylla","H5","shade · established drought tolerant","groundcover · underplanting · containers","25–45 cm H × 30–50 cm W","","","7","6","8","3","30","10","","","Hardy through a cold UK winter, withstanding -15 to -10C.","evergreen","","","",""
"0","Copper Shield Fern","Dryopteris erythrosora","25","Coppery-pink young fronds mature glossy green · neat arching fern clumps","Keep moist while establishing","Any aspect","Cool, moist, well-drained; Sheltered · keep moist in full sun","Remove dead or damaged fronds as needed","","Mar-Jun","","","","","","","","","","","syn. Aspidium erythrosorum","H4","dry-shade tolerant once established · pest free","woodland gardens · underplanting · containers","0.5–1 m H × 0.5–1 m W","","","7","2","10","3","35","10","","","Hardy through an average UK winter, withstanding -10 to -5C.","","","","",""
"0","Grace Smoke Bush","Cotinus 'Grace'","335","Rich purple rounded leaves · huge smoky deep-pink plumes · fiery autumn colour","Moderate; water while establishing","Any aspect","Moist, well-drained; Full sun gives strongest leaf colour","Minimal; hard-prune in spring only for larger foliage","","May-Oct","","","","","","","","","","","syn. Cotinus × dummeri 'Grace'; Cotinus 'Grace Dummer'","H5","exposed-site tolerant · generally pest free","specimen · shrub borders · foliage contrast","4–8 m H × 2.5–4 m W","","","13","5","7","5","85","50","","","Hardy through a cold UK winter, withstanding -15 to -10C.","","","","",""
"0","Damsel's Delight Passion Flower","Passiflora ‘Damsel’s Delight’","275","Large lilac-white flowers · intense banded purple corona · glossy lobed foliage","Keep evenly moist during active growth","South / West","Moist, well-drained; Sheltered · protect from severe frost","Prune or renovate in early spring if needed","","May-Oct","","","","","","","","","","","syn. Passiflora 'Silly Cow'; Riverside Hybrid","H4","vigorous · fast-growing · relatively cold tolerant","walls · trellises · pergolas · large containers","8–12 m H × 2.5–4 m W","","","16","10","10","9","85","50","","","Hardy through an average UK winter, withstanding -10 to -5C.","","","","",""
"0","Miner's Merlot Martin's Spurge","Euphorbia × martini MINER’S MERLOT ('Km-mm024')","350","Dark burgundy-red foliage deepens near-black in cold · lime-yellow spring flowers","Low once established","South / West","Light, well-drained; Avoid winter wet","Deadhead if needed; remove spent stems carefully","","Jan-Dec","","","","","","","","","","","trade name MINER'S MERLOT; cultivar code 'Km-mm024'","H6","drought · heat tolerant · vigorous","borders · gravel gardens · containers · pollinators","50–60 cm H × 50–60 cm W","","","11","6","4","4","90","50","","","Hardy through a very cold UK winter, withstanding -20 to -15C.","","","","",""
"0","Silver Edge Mediterranean Spurge","Euphorbia characias 'Silver Edge'","105","Pale grey-green leaves edged creamy white · yellow-green spring flowerheads","Low once established","East / South / West","Light, well-drained; Sheltered · avoid winter wet","Cut old flowered stems to ground in late summer","","Jan-Dec","","","","","","","","","","","","H4","drought tolerant · generally disease free","gravel gardens · borders · containers","50–60 cm H × 50–75 cm W","","","7","6","4","5","95","80","","","Hardy through an average UK winter, withstanding -10 to -5C.","","","","",""
"0","Ascot Rainbow Martin's Spurge","Euphorbia × martini 'Ascot Rainbow'","55","Gold-edged green foliage flushes pink in cold · lime-green bracts with red centres","Low once established","East / South / West","Light, well-drained; Sheltered · avoid winter wet","Cut flowered shoots to ground in late summer","","Jan-Dec","","","","","","","","","","","","H5","drought tolerant · generally pest and disease free","borders · gravel gardens · courtyard planting","1–1.5 m H × 0.5–1 m W","","","8","3","4","6","95","80","","","Hardy through a cold UK winter, withstanding -15 to -10C.","","","","",""
"0","Sem False Spirea","Sorbaria sorbifolia 'Sem'","15","Pink-bronze spring foliage turns lime green · white summer flower panicles","Keep evenly moist while establishing","Any aspect","Moist, well-drained; Allow spread · avoid dry soil","Thin after flowering; remove unwanted suckers in winter","","Apr-Oct","","","","","","","","","","","","H5","cold hardy · exposed-site tolerant · pest free","shrub borders · waterside planting · mass planting","1–1.5 m H × 1–1.5 m W","","","12","2","11","6","70","40","","","Hardy through a cold UK winter, withstanding -15 to -10C.","","","","",""
"0","Black Cherry Plum","Prunus cerasifera 'Nigra'","350","Deep purple foliage · red young leaves · pale-pink blossom from dark pink buds","Moderate until established","Any aspect","Any well-drained soil; Full sun for darkest foliage","Prune only if needed in midsummer","","Mar-Oct","","","","","","","","","","","syn. 'Blaze'; 'Pissardii Nigra'","H6","cold hardy · exposed-site tolerant","specimen · wildlife gardens · foliage contrast","8–12 m H × 8–10 m W","","","10","12","7","5","95","80","","","Hardy through a very cold UK winter, withstanding -20 to -15C.","","","","",""
"0","Oiseau Bleu Rose of Sharon","Hibiscus syriacus 'Oiseau Bleu'","220","Violet-blue flowers with maroon eyes · upright leafy deciduous shrub","Moderate; water in prolonged dry spells","South / West","Fertile, well-drained; Warm sheltered site · avoid winter wet","Prune in spring; shorten shoots to shape","","Jul-Oct","","","","","","","","","","","syn. 'Blue Bird'","H5","heat tolerant · urban suitable","specimen · shrub borders · late colour","1.5–2.5 m H × 1–1.5 m W","","","9","10","8","6","95","80","","","Hardy through a cold UK winter, withstanding -15 to -10C.","deciduous","","","",""
"0","Charles Lamont Bodnant Viburnum","Viburnum × bodnantense 'Charles Lamont'","335","Bright-pink intensely scented flowers crowd bare stems from autumn into spring","Moderate; water during prolonged dry spells","East / South / West","Humus-rich, well-drained; Avoid waterlogged ground","Prune minimally after flowering if needed","","Nov-Mar","","","","","","","","","","","","H6","cold hardy · coastal · shade tolerant","winter scent · shrub borders · screening","2.5–4 m H × 1.5–2.5 m W","","","9","8","9","4","60","20","","","Hardy through a very cold UK winter, withstanding -20 to -15C.","","","","",""
"0","Arnold Promise Witch Hazel","Hamamelis × intermedia 'Arnold Promise'","55","Fragrant bright-yellow winter ribbons · foliage turns red-yellow in autumn","Moderate; water during dry spells","Any aspect","Moist, well-drained; Shelter from cold drying winds","No routine pruning; remove dead or crossing shoots","","Jan-Mar","","","","","","","","","","","syn. 'Arnold's Promise'","H5","cold hardy · low maintenance","winter scent · specimen · woodland edge","2.5–4 m H × 2.5–4 m W","","","5","5","9","6","65","35","","","Hardy through a cold UK winter, withstanding -15 to -10C.","","","","",""
"0","Royal Purple Smoke Bush","Cotinus coggygria 'Royal Purple'","345","Deep-purple leaves · pink smoky summer plumes · foliage reddens in autumn","Moderate; water while establishing","Any aspect","Moist, well-drained; Full sun gives deepest foliage colour","Prune minimally; hard-prune in spring only for larger leaves","","Apr-Oct","","","","","","","","","","","'Royal Purple'","H5","drought tolerant once established · exposed-site tolerant","specimen · foliage contrast · shrub borders","4–5 m H × 4–5 m W","","","12","7","7","5","90","55","","","Hardy in most UK gardens, approximately -15 to -10°C","Deciduous","","","",""
"0","Slender Silhouette Sweet Gum","Liquidambar styraciflua 'Slender Silhouette'","5","Exceptionally narrow column · maple-like leaves turn red-purple in autumn","Moderate; water during dry spells","Any aspect","Moist, lime-free soil; Avoid alkaline or chalky soil","No routine pruning; remove dead or crossing wood","","Sep-Nov","","","","","","","","","","","","H6","generally pest free · narrow urban footprint","narrow gardens · avenues · autumn colour","12–15 m H × 2.5–4 m W","","","10","3","10","5","85","50","","","Hardy through a very cold UK winter, withstanding -20 to -15C.","","","","",""
"0","Handkerchief Tree","Davidia involucrata","0","Large creamy-white handkerchief bracts hang among broad green leaves in late spring","Moderate; water during prolonged dry spells","Any aspect","Moist, well-drained; Sheltered site · avoid prolonged drought","No routine pruning; remove dead or damaged wood","","May-Jun","","","","","","","","","","","","H5","cold hardy once established · generally pest free","large specimen · woodland gardens · architectural","12–15 m H × 8–12 m W","","","7","2","10","6","70","40","","","Hardy through a cold UK winter, withstanding -15 to -10C.","","","","",""
"0","Choshu-hizakura Flowering Cherry","Prunus 'Chōshū-hizakura'","335","Soft pink-white spring blossom · purple-red young leaves · broad fountain habit","Moderate; water while establishing","Any aspect","Moist, well-drained; Full sun gives strongest blossom","Prune only if needed in midsummer","","Apr-May","","","","","","","","","","","also encountered as 'Hisakura'","H6","cold hardy · established garden cherry","specimen · spring blossom · autumn colour","6–8 m H × 6–8 m W","","","8","11","8","6","90","65","","","Hardy through a very cold UK winter, withstanding -20 to -15C.","","","","",""
"0","Autumn Spire Rowan","Sorbus AUTUMN SPIRE ('Flanrock')","20","Narrow crown · purple-red-yellow autumn leaves · yellow berries with red centres","Moderate; water while establishing","Any aspect","Humus-rich, well-drained; Avoid prolonged waterlogging","No routine pruning; remove dead or damaged wood","","Sep-Nov","","","","","","","","","","","trade name AUTUMN SPIRE; cultivar code 'Flanrock'","H6","exposed-site tolerant · urban suitable","small gardens · narrow sites · wildlife gardens","4–8 m H × 1–1.5 m W","","","8","10","8","5","75","45","","","Hardy through a very cold UK winter, withstanding -20 to -15C.","","","","",""
"0","Golden Weeping Willow","Salix × sepulcralis var. chrysocoma","55","Huge sweeping weeping crown · long green leaves · young stems glow golden-yellow","High; keep well watered in dry weather","Any aspect","Moist to reliably moist; Needs space · unsuitable for dry sites","Remove dead or damaged wood; avoid unnecessary pruning","","Apr-Oct","","","","","","","","","","","","H5","wind tolerant · suited to waterside soils","large lawns · waterside planting · specimen","12–15 m H × 10–15 m W","","","16","13","15","8","95","80","","","Hardy through a cold UK winter, withstanding -15 to -10C.","","","","",""
"0","French Cancan Bleu Hydrangea","Hydrangea macrophylla RENDEZ-VOUS FRENCH CANCAN BLEU","220","Compact lacecap hydrangea · blue blooms on sturdy stems through summer","Keep evenly moist","North / East / West","Moist, acid to neutral; Avoid chalk · colour pinks in alkaline soil","Deadhead and remove weak stems in spring","","Jun-Sep","","","","","","","","","","","Rendez-Vous Series; breeder Sicamus","H5","compact · container suitable","containers · shrub borders · woodland-style planting","1–1.5 m H × 1–1.5 m W","","","8","11","14","8","45","25","","","Hardy through a cold UK winter, withstanding -15 to -10C.","","","","",""
"0","SunSeekers Rosy Coneflower","Echinacea SUNSEEKERS ROSY ('Ifecssrosy')","335","Rosy-pink daisy flowers · golden-brown cones · compact sturdy flowering clump","Moderate; water during prolonged dry spells","East / South / West","Light, well-drained; Full sun · avoid winter wet","Deadhead or leave seedheads; cut down in spring","","Jul-Sep","","","","","","","","","","","SunSeekers Series; cultivar code 'Ifecssrosy'","H5","drought tolerant once established · sturdy stems","pollinators · prairie planting · containers","0.5–1 m H × 0.1–0.5 m W","","","10","8","7","5","95","80","","","Hardy through a cold UK winter, withstanding -15 to -10C.","","","","",""
"0","Cobalus Gayfeather","Liatris spicata 'Cobalus'","275","Very compact clump · intense purple bottlebrush spikes open from the top down","Moderate during active growth","South","Light, well-drained; Full sun essential · avoid winter wet","Deadhead or cut dead stems down after dormancy","","Jul-Sep","","","","","","","","","","","","H7","cold hardy · heat tolerant","containers · pollinators · front of prairie borders","25 cm H × 20–30 cm W","","","10","6","9","5","98","90","","","Very hardy: withstands below -20C, so hardy anywhere in the UK.","","","","",""
"0","Delicious Strawberry Coneflower","Echinacea 'Delicious Strawberry'","335","Bright strawberry-pink flowers · prominent central cones · sturdy compact clump","Moderate; water during prolonged dry spells","East / South / West","Light, well-drained; Full sun · avoid winter wet","Deadhead for repeat bloom or leave seedheads; cut down in spring","","Jun-Sep","","","","","","","","","","","Delicious Series","H5","hardy · sturdy stems · pollinator friendly","pollinators · cut flowers · containers · prairie borders","60 cm H × 45 cm W","","","10","8","7","5","95","80","","","Hardy through a cold UK winter, withstanding -15 to -10C.","","","","",""
"0","Snow Bird Tulip Tree","Liriodendron tulipifera 'Snow Bird'","95","Large tulip-shaped leaves with crisp white margins · buttery-yellow autumn colour","Moderate; water while establishing","Any aspect","Moist, lime-free soil; Avoid chalk or strongly alkaline soil","No routine pruning; remove dead or damaged wood","","Apr-Nov","","","","","","","","","","","","H6","stable variegation · drought tolerant once established","large specimen · architectural · foliage contrast","15–20 m H × 4–8 m W","","","10","4","10","6","80","45","","","Hardy through a very cold UK winter, withstanding -20 to -15C.","","","","",""
"0","Persian Silk Tree","Albizia julibrissin","75","Fern-like foliage · airy summer flowerheads · broad spreading umbrella crown","Moderate while establishing; low once established","South / West","Fertile, well-drained; Warm sheltered site · avoid winter wet","Prune minimally after frost risk has passed","","Jun-Sep","","","","","","","","","","","syn. Acacia julibrissin","H4","heat tolerant · drought tolerant once established","exotic specimen · courtyards · architectural planting","4–8 m H × 2.5–4 m W","","","11","8","7","8","95","85","","","Hardy through an average UK winter, withstanding -10 to -5C.","","","","",""
"0","Devon Cream Summer Jasmine","Jasminum officinale 'Devon Cream'","50","Pink buds open richly fragrant cream flowers · vigorous leafy summer climber","Moderate; water during dry spells","South / West","Fertile, well-drained; Shelter from cold drying winds","Prune after flowering; thin old or congested shoots","","Jun-Sep","","","","","","","","","","","syn. 'Clotted Cream'","H5","vigorous · urban suitable · pollinator friendly","walls · pergolas · scented gardens · large containers","4–6 m H × 2.5–4 m W","","","13","9","9","7","80","45","","","Hardy through a cold UK winter, withstanding -15 to -10C.","","","","",""
"0","Inferno Looking-glass Plant","Coprosma 'Inferno'","5","Glossy green-yellow leaves deepen purple-brown with vivid red margins in cold","Moderate; water during prolonged dry spells","East / South / West","Moist, well-drained; Shelter from hard frost","Lightly trim in spring to maintain shape","","Jan-Dec","","","","","","","","","","","also accepted as Coprosma repens 'Inferno'","H3","coastal · wind tolerant in mild sites","containers · coastal planting · foliage colour","1–1.5 m H × 1–1.5 m W","","","9","7","8","8","80","45","","","Half-hardy: withstands -5 to 1C. Outdoors in mild or coastal UK gardens; needs shelter or winter protection elsewhere.","","","","",""
"0","White Profusion Butterfly Bush","Buddleja davidii 'White Profusion'","0","Long fragrant white flower panicles with yellow eyes · vigorous arching shrub","Low once established","East / South / West","Light, well-drained; Best in sun · avoid winter wet","Cut back hard in early spring; deadhead spent flowers","","Jul-Sep","","","","","","","","","","","","H6","drought tolerant · vigorous · urban suitable","pollinators · shrub borders · screening","2.5–4 m H × 2.5–4 m W","","","16","6","5","4","95","70","","","Hardy through a very cold UK winter, withstanding -20 to -15C.","","","","",""
"0","Kinme Japanese Holly","Ilex crenata 'Kinme'","120","Dense tiny glossy leaves emerge pale green then mature dark green · compact texture","Moderate; water during dry spells","East / South / West","Moist, well-drained; Avoid waterlogged ground","Clip in spring or late summer to maintain shape","","Jan-Dec","","","","","","","","","","","","H6","cold hardy · clipping tolerant · urban suitable","topiary · hedging · screening · containers","2.5–4 m H × 2.5–4 m W","","","5","10","9","7","65","35","","","Hardy through a very cold UK winter, withstanding -20 to -15C.","","","","",""
"0","Globosa Nana Japanese Cedar","Cryptomeria japonica 'Globosa Nana'","120","Dense rounded dwarf conifer · soft rich-green sprays may bronze in winter cold","Moderate; water during dry spells","East / South / West","Moist, well-drained; Shelter from cold drying winds","No routine pruning; remove dead or damaged shoots","","Jan-Dec","","","","","","","","","","","syn. 'Lobbii Nana' misapplied","H6","cold hardy · generally pest free","containers · rock gardens · evergreen structure","0.5–1 m H × 0.5–1 m W","","","5","3","9","3","70","40","","","Hardy through a very cold UK winter, withstanding -20 to -15C.","","","","",""
"0","Paperbush","Edgeworthia chrysantha","50","Silvery woolly buds open fragrant yellow flowers on bare stems in late winter","Moderate; keep evenly moist","East / South / West","Humus-rich, well-drained; Sheltered · avoid exposed frost pockets","No routine pruning; remove dead or damaged wood","","Feb-Mar","","","","","","","","","","","syn. Edgeworthia tomentosa; Edgeworthia papyrifera","H4","generally pest and disease free","courtyards · containers · wall borders · winter scent","1–1.5 m H × 1–1.5 m W","","","6","2","10","7","55","35","","","Hardy through an average UK winter, withstanding -10 to -5C.","","","","",""
"0","Pink Marble Christmas Berry","Photinia × fraseri PINK MARBLE ('Cassini')","345","Pink-red new leaves mature green with cream-white margins · evergreen colour","Moderate; water during prolonged dry spells","Any aspect","Fertile, well-drained; Avoid waterlogging · acid to neutral soil","Trim after spring flush; hedge as needed in summer","","Jan-Dec","","","","","","","","","","","trade name PINK MARBLE; cultivar 'Cassini'","H5","exposed-site tolerant · evergreen · low maintenance","hedging · screening · specimen · foliage colour","2.5–4 m H × 2.5–4 m W","","","10","11","8","7","75","40","","","Hardy through a cold UK winter, withstanding -15 to -10C.","evergreen","","","",""
"0","Sunset Rock Rose","Cistus × pulverulentus 'Sunset'","335","Low grey-green evergreen mound · vivid rose-pink flowers with golden centres","Low once established","South / West","Poor, sharply drained; Full sun · avoid winter wet","Lightly trim after flowering; never cut hard into old wood","","Jun-Sep","","","","","","","","","","","syn. Cistus 'Sunset'; Cistus crispus 'Sunset'","H4","drought tolerant · coastal · generally pest free","gravel gardens · groundcover · containers","0.3–0.5 m H × 0.5–1 m W","","","7","3","3","4","98","90","","","Hardy through an average UK winter, withstanding -10 to -5C.","evergreen","","","",""
"0","Oleander","Nerium oleander","335","Clusters of pink flowers all summer · narrow leathery evergreen leaves in whorls","Water freely in growth; sparingly in winter","South / West","Any well-drained soil; Overwinter frost-free · avoid winter wet","Cut back flowered shoots after flowering; wear gloves","","Jun-Oct","","","","","","","","","","","sold in many named colour forms; this is a pink form","H3","heat · drought · coastal tolerant in mild sites","patio containers · conservatory · Mediterranean gardens","2–4 m H × 1.5–2.5 m W","","","10","9","6","9","95","80","","","Half-hardy: withstands -5 to 1C. Outdoors in mild or coastal UK gardens; needs shelter or winter protection elsewhere.","evergreen","","","",""
"0","Emerald 'n' Gold Spindle","Euonymus fortunei 'Emerald 'n' Gold'","55","Deep-green leaves broadly edged gold · margins flush pink-red in winter","Moderate until established; water in dry spells","Any aspect","Moist, well-drained; Avoid waterlogging · deep shade dulls colour","Trim in spring to shape; remove reverted green shoots","","Jan-Dec","","","","","","","","","","","","H5","exposed-site tolerant · adaptable · low maintenance","groundcover · containers · low hedging · wall training","0.5–1 m H × 1–1.5 m W","","","7","10","7","5","65","25","","","Hardy through a cold UK winter, withstanding -15 to -10C.","","","","",""
"0","Emerald Gaiety Spindle","Euonymus fortunei 'Emerald Gaiety'","110","Grey-green leaves edged creamy white · margins blush pink in cold weather","Moderate until established; water in dry spells","East / South / West","Moist, well-drained; Avoid waterlogging · deep shade weakens variegation","Trim in spring to shape; remove reverted green shoots","","Jan-Dec","","","","","","","","","","","syn. Euonymus 'Gaiety'","H5","exposed-site tolerant · adaptable · low maintenance","groundcover · containers · low hedging · wall training","0.5–1 m H × 1–1.5 m W","","","7","10","7","5","65","40","","","Hardy through a cold UK winter, withstanding -15 to -10C.","","","","",""
"0","Japanese Knotweed","Reynoutria japonica","105","Hollow bamboo-like stems flecked red · zig-zag shovel leaves · creamy sprays","Adaptable — thrives in moist or badly drained ground","Any aspect","Any soil, any pH; ILLEGAL TO SPREAD · 1cm rhizome regrows","Never strim, mow or shred — fragments spread it","","Aug-Oct","","","","","","","","","","","syn. Fallopia japonica · Polygonum cuspidatum","H7","","ID and report only","1.5–2.5 m H × 2.5–4 m+ W","","","20","2","8","20","70","40","","ILLEGAL TO SPREAD. Must not be planted or caused to grow in the wild, and you must stop it spreading off your property; cut material and contaminated soil are controlled waste — registered carrier and authorised facility only. A 1cm fragment of rhizome regrows after years dormant. Use a specialist contractor.","Very hardy: withstands below -20C, so hardy anywhere in the UK.","","","","",""
"0","Jelena Witch Hazel","Hamamelis × intermedia 'Jelena'","28","Copper-orange scented ribbons on bare winter stems · fiery autumn leaves","Moderate; keep evenly moist through summer","Any aspect","Humus-rich, acid-neutral; Shelter from cold drying winds","No routine pruning; shape right after flowering","","Jan-Mar","","","","","","","","","","","syn. 'Copper Beauty'","H5","cold hardy · long-lived · low maintenance","winter scent · specimen · woodland edge · beside paths","2.5-4m H × 2.5-4m W","","","6","4","11","6","80","45","","","Hardy through a cold UK winter, withstanding -15 to -10C.","","","","",""
"0","Mountain Hydrangea","Hydrangea serrata","220","Small lacecap heads, blue to pink by soil pH · red-purple autumn leaves","Keep consistently moist, especially in warm weather","Any aspect","Humus-rich, any pH; Never let it dry out; shelter from hot sun","Flowers on old wood — trim lightly after flowering only","","Jul-Sep","","","","","","","","","","","syn. H. macrophylla subsp. serrata","H4","cool-climate tolerant · harmful if eaten · may irritate skin","woodland edge · shady borders · containers · small gardens","1-1.5m H × 1-1.5m W","","","10","10","15","8","55","30","","","Hardy through an average UK winter, withstanding -10 to -5C.","","","","",""
"0","Pink Kousa Dogwood","Cornus kousa","335","Deep rose-pink bracts in early summer · strawberry fruit · red autumn","Regular in dry spells; dislikes drought","Any aspect","Humus-rich, acid-neutral; Avoid shallow chalk and dry ground","Minimal; take out dead or crossing stems in late winter","","Jun-Jul","","","","","","","","","","","unnamed pink form — the species is cream-white","H6","anthracnose-resistant · trouble-free · good autumn colour","specimen tree · small gardens · woodland edge","4-8m H × 4-8m W","","","7","4","12","5","70","40","","","Hardy through a very cold UK winter, withstanding -20 to -15C.","","","","",""
"0","Waterlily 'Marliacea Carnea'","Nymphaea 'Marliacea Carnea'","350","Classic hardy waterlily with rounded green floating leaves, often bronze-flushed when young, and large semi-double flowers that open cream-white to very pale blush pink with a warm golden-yellow centre.","Permanent still water; aim for about 45–75cm of water over the crown once established, starting shallower while establishing.","Any aspect","Heavy aquatic loam; Not multipurpose; it floats out","Remove fading flowers and yellow or damaged leaves regularly. Cut dying foliage back low in late autumn before it sinks and decays.","","Jun-Sep","","","","","","","","","","","Marliacea Carnea","H5","Hardy, vigorous and long-lived in stable still water; generally low maintenance once established but dislikes constant splashing and overcrowding.","Medium to large ponds, wildlife ponds, ornamental aquatic planting, water-surface cover and summer flowering.","0.1–0.15m H × 1–1.5m W","","","14","9","20","6","95","80","","","Hardy through most of the UK when the rhizome remains submerged; foliage dies back for winter and regrows in spring.","deciduous","","","",""
"0","Dwarf Fan Palm","Chamaerops humilis","105","Bushy multi-stemmed palm · dense crown of stiff green fan leaves","Regular while young, then let the surface dry","East / South / West","Free-draining fertile loam; Winter drainage is critical","Remove dead fronds · never cut the growing points","","Jan-Dec","","","","","","","","","","","","H4","wind, drought and coastal tolerant · leaf spines can injure","containers · gravel gardens · coastal and exotic planting","1.5-2.5m H × 1-1.5m W","","","4","4","6","8","70","40","Leaf stalks can carry sharp spines capable of causing physical injury; site away from narrow paths and children's play areas.","","Hardier than its Mediterranean appearance suggests but less cold tolerant than Trachycarpus fortunei; severe UK winters can damage leaves or stems.","evergreen","","","",""
"0","Corkscrew Hazel","Corylus avellana 'Contorta'","40","Bizarrely twisted corkscrew branches · yellow late-winter catkins · crumpled leaves","Water while young; copes with dry spells after","East / South / West","Chalk, clay, loam or sand; Straight shoots below a graft are suckers","Cut straight rootstock suckers right out · otherwise minimal","","Jan-Mar","","","","","","","","","","","Contorta","H6","robust and adaptable · grafted plants throw straight suckers","winter structure · cut stems · containers · wildlife gardens","2.5-4m H × 2.5-4m W","","","7","7","8","6","70","35","Nuts, when produced and fully mature, are edible.","","Very hardy throughout the UK.","deciduous","","","",""
"0","Cider Gum 'Azura'","Eucalyptus gunnii Azura ('Cagire')","190","Silver-blue rounded juvenile leaves on pale stems · compact bushy habit","Water well while young; drought tolerant after","South / West","Fertile, drained, any pH; Still a big plant unless coppiced","Coppice in spring for round juvenile leaves · or train as a small tree","","Jan-Dec","","","","","","","","","","","Cagire","H5","fast and regenerates hard after pruning · foliage harmful if eaten","silver foliage · cut foliage · containers with regular pruning","4-8m H × 2.5-4m W","","","15","8","9","10","100","85","Eucalyptus foliage and concentrated eucalyptus oils are harmful if ingested in quantity and should be kept away from pets and children.","","Selected for improved hardiness and compact growth; established plants are hardy through most UK gardens, though young shoots can be damaged by severe frost.","evergreen","","","",""
"0","Japanese Flowering Cherry 'Kanzan'","Prunus 'Kanzan'","335","Upright deciduous flowering cherry with bronze young foliage and spectacular clusters of large double deep pink spring flowers.","Water while establishing.","East / South / West","Fertile, moist, drained; Never prune in winter; silver leaf","Prune only when necessary in midsummer after flowering.","","Mar-May","","","","","","","","","","","'Kanzan'","H6","Cold hardy but susceptible to several common Prunus diseases.","Specimen tree, avenues and ornamental lawns.","8–12 m H × 4–8 m W","","","13","9","8","6","85","60","Seeds and damaged foliage contain compounds that should not be eaten.","","Hardy throughout the UK.","Deciduous; bronze young leaves maturing green with autumn colour.","","","",""
"0","Lady's Mantle","Alchemilla mollis","65","Clump-forming perennial with soft scalloped grey-green leaves that hold water droplets and airy sprays of lime-yellow flowers.","Water during establishment; tolerates moderate dryness once established.","East / West","Any, moist but drained; Self-seeds freely where it's happy","Cut back flowers and tired foliage after flowering to encourage fresh growth and reduce self-seeding.","","Jun-Jul","","","","","","","","","","","","H7","Very hardy and easy to establish.","Ground cover, border edging, cottage gardens and underplanting.","0.5–1 m H × 0.5–1 m W","","","15","2","9","3","55","25","","","Extremely hardy, below -20°C.","Herbaceous; rounded, softly hairy grey-green leaves.","","","",""
"0","Heuchera 'Timeless Night'","Heuchera villosa 'Timeless Night'","320","Near-black ruffled leaves all year · slim stems of clear rose-pink bells","Keep evenly damp; dislikes drought and sogginess","Any aspect","Fertile, moist but drained; Vine weevil grubs eat the roots","Deadhead spent spikes · tidy old leaves in spring · replant lifted crowns","","May-Sep","","","","","","","","","","","RHS name: Heuchera 'Timeless Night' · Timeless series","H6","very hardy · holds its colour all winter · vine weevil in pots is the standard problem","containers · front of borders · shade · foliage contrast · edging","0.1-0.5m H × 0.1-0.5m W","","","9","12","11","6","50","15","","","Hardy through a very cold UK winter, withstanding -20 to -15C.","","","","",""
"0","Snowy Mespilus","Amelanchier lamarckii","20","Bronze new leaves with clouds of white blossom · edible berries · fiery autumn","Water while young and through long dry spells","East / South / West","Moist, drained, lime-free; Avoid shallow chalk and drought","Little needed · keep the natural multi-stem shape","","Apr-Nov","","","","","","","","","","","Also sold as Juneberry or Serviceberry — same plant","H7","reliable and very hardy · berries edible and taken by birds","small gardens · multi-stem trees · blossom and autumn colour","4-8m H × 2.5-4m W","","","10","5","12","5","70","35","Ripe berries are edible and are also readily taken by birds.","","Exceptionally hardy throughout the UK.","deciduous","","","",""
"0","Crab Apple 'John Downie'","Malus 'John Downie'","18","White blossom from pink buds · big red-flushed yellow fruit — the jelly crab","Water while establishing and through long dry spells","Any aspect","Fertile, moist, drained; Avoid waterlogging · give the crown room","Little needed · in late winter take out dead, crossing or damaged wood","","Apr-Oct","","","","","","","","","","","John Downie","H6","very hardy · takes any soil pH · scab-prone, with canker behind it","spring blossom · autumn fruit · jelly · wildlife · pollination partner for apples","8-12m H × 4-8m W","","","12","13","10","7","85","45","","","Hardy through a very cold UK winter, withstanding -20 to -15C.","","","","",""
"0","English Oak","Quercus robur","100","Wavy-lobed leaves on almost no stalk · acorns on long stalks in autumn","Water while establishing; drought-tough once away","Any aspect","Deep, fertile, heavy soil; Needs real space — a parkland tree","Little needed · take out dead wood in mid to late summer","","Apr-Oct","","","","","","","","","","","'Fastigiata' — narrow upright · 'Concordia' — golden","H7","extremely long-lived and wind-firm · mildew and knopper galls are cosmetic · oak processionary moth is a regulated pest in parts of London and the South East","parkland · large gardens · native and wildlife planting · hedgerow standards","12m+ H × 12m+ W","","","9","10","8","5","85","45","","","Very hardy: withstands below -20C, so hardy anywhere in the UK.","","","","",""
"0","Poppin' Purple Agapanthus","Agapanthus POPPIN’ PURPLE ('PM003')","275","Near-black buds open to intense violet-purple trumpets · reblooms","Water freely in growth; keep pots dry through winter","South / West","Fertile, free-draining; Winter wet rots the crown · pots freeze","Deadhead or leave the seedheads · split congested clumps in spring","","Jul-Sep","","","","","","","","","","","'PM003' · syn. Ever Amethyst · Everpanthus Series","H4","fast and free-flowering · bred for resistance to Erwinia crown rot · slugs, gall midge and winter wet are still the risks","patio containers · sunny borders · coastal · cutting · pollinators","0.5-1m H × 0.1-0.5m W","slugs","","13","7","9","6","95","70","","","Hardy through an average UK winter, withstanding -10 to -5C.","","","","",""
"0","Black Bamboo","Phyllostachys nigra","115","Culms emerge green and darken through brown to glossy near-black · feathery leaves","Generous while establishing and in dry weather","East / South / West","Fertile, humus-rich; RUNNING — needs a rhizome barrier","Thin old and weak culms · strip low leaves to show the stems","","Jan-Dec","","","","","","","","","","","","H5","hardy and strong-growing · rhizomes escape without a barrier","screening · Japanese-style gardens · large containers","4-8m H × 2.5-4m+ W","","","17","7","13","14","70","40","","","Hardy through most UK gardens once established.","evergreen","","","",""
"0","Cherry Laurel 'Rotundifolia'","Prunus laurocerasus 'Rotundifolia'","105","Fast-growing dense evergreen shrub with large glossy rounded dark green leaves, white flower spikes and black fruits.","Water during establishment; drought tolerant when mature.","East / West","Any, reasonably drained; Cut with secateurs, not a trimmer","Trim in spring and summer as required; secateurs reduce unsightly cut leaves compared with hedge trimmers.","","Jan-Dec","","","","","","","","","","","'Rotundifolia'","H5","Extremely robust and shade tolerant.","Hedging, screening and evergreen structure.","4–8 m H × 4–8 m W","","","19","7","7","5","45","5","Leaves, seeds and other parts are harmful if eaten.","","Hardy in most UK locations.","Evergreen; broad glossy dark green leaves.","","","",""
"0","Bay Laurel","Laurus nobilis","100","Aromatic evergreen shrub or small tree with glossy leathery leaves widely used as a culinary herb.","Water while establishing; established plants tolerate moderate drought.","East / South / West","Fertile, well-drained; Winter wet and freezing wind","Clip in spring or summer to maintain shape; remove cold-damaged growth after frost risk passes.","","Jan-Dec","","","","","","","","","","","","H4","Drought and salt tolerant but vulnerable to severe frost in exposed sites.","Culinary gardens, topiary, hedging and containers.","8–12 m H × 4–8 m W","","","9","8","6","6","70","35","","","Hardy through much of the UK, approximately -10 to -5°C.","Evergreen; aromatic glossy dark green leaves.","","","",""
"0","Dogwood 'Midwinter Fire'","Cornus sanguinea 'Midwinter Fire'","25","Deciduous suckering shrub prized for brilliant yellow-orange and fiery red winter stems.","Water during establishment; tolerates moist ground.","East / South / West","Any, moist but drained; Shade dulls the winter stems","For brightest stems cut back hard to a low framework in spring once established.","","Dec-Feb","","","","","","","","","","","'Midwinter Fire'","H6","Very robust and tolerant of cold and moisture.","Winter gardens, mass planting and mixed shrub borders.","1.5–2.5 m H × 1.5–2.5 m W","","","15","4","12","6","70","35","","","Hardy throughout the UK.","Deciduous; green leaves with autumn colour.","","","",""
"0","Spotted Laurel 'Crotonifolia'","Aucuba japonica 'Crotonifolia'","70","Big leathery leaves splashed gold · red berries on females near a male plant","Water while young, then tolerates dry shade","North / East","Most drained garden soils; Strong sun bleaches the leaves","Cut overgrown stems individually in spring · never shear","","Jan-Dec","","","","","","","","","","","Crotonifolia","H5","superb in deep shade and towns · very low upkeep · berries not edible","deep shade · evergreen screening · dry borders · containers","1.5-2.5m H × 1.5-2.5m W","","","7","5","7","4","20","5","Berries are ornamental and should not be eaten.","","Hardy throughout most UK gardens.","evergreen","","","",""
"0","Darwin's Barberry","Berberis darwinii","30","Dense spiny evergreen shrub with small glossy leaves and vivid orange-yellow flowers followed by dark blue-purple berries.","Water while establishing; drought tolerant once mature.","East / South / West","Any soil, well-drained; Spines injure; gloves when pruning","Trim after flowering if shaping is required; wear protective gloves.","","Mar-May","","","","","","","","","","","","H5","Robust, wind tolerant and drought resistant once established.","Hedging, screening, wildlife gardens and evergreen structure.","2.5–4 m H × 2.5–4 m W","","","13","4","6","5","65","35","Berries are not generally considered edible garden fruit; thorny stems can injure.","","Hardy in most UK locations, approximately -15 to -10°C.","Evergreen; small glossy dark green spiny-edged leaves.","","","",""
"0","Climbing Hydrangea","Hydrangea petiolaris","0","Self-clinging woody climber with glossy green foliage and broad lacecap-like heads of creamy-white flowers.","Water regularly during establishment.","North / East","Humus-rich, moist, drained; Slow to start; hates dry soil","Prune after flowering to restrict spread and remove unwanted shoots.","","Jun-Jun","","","","","","","","","","","","H5","Hardy and vigorous once established.","Shady walls, mature trees and large structures.","8–12 m H × 4–8 m W","","","12","5","13","6","35","10","Harmful if eaten; may irritate skin.","","Hardy in most UK locations.","Deciduous; ovate dark green leaves turning yellow in autumn.","","","",""
"0","Common Beech","Fagus sylvatica","100","Majestic deciduous tree with smooth grey bark and fresh green leaves turning rich copper-gold in autumn.","Water young trees during establishment.","East / South / West","Fertile, well-drained; Dislikes prolonged waterlogging","Prune during dormancy when structural work is required.","","Sep-Nov","","","","","","","","","","","","H7","Very hardy and wind tolerant when established.","Large specimen tree, woodland and formal hedging.",">12 m H × >8 m W","","","12","7","8","5","60","30","Beech mast should not be eaten in quantity.","","Extremely hardy, below -20°C.","Deciduous; oval green leaves turning copper-gold.","","","",""
"0","Wall Cotoneaster","Cotoneaster horizontalis","0","Low spreading shrub with distinctive herringbone branching, small leaves, pink-white flowers and abundant red autumn berries.","Water while establishing; drought tolerant later.","East / South / West","Any soil, well-drained; Schedule 9; do not spread in the wild","Prune minimally, removing unwanted growth after flowering or fruiting.","","Sep-Nov","","","","","","","","","","","","H6","Very hardy, pollution tolerant and adaptable.","Walls, banks, ground cover and wildlife planting.","0.5–1 m H × 1.5–2.5 m W","","","12","5","6","5","70","35","Fruit may cause stomach upset if eaten.","Listed on Schedule 9 in parts of UK legislation regarding release into the wild; do not plant or allow spread in the wild where restrictions apply.","Hardy throughout the UK.","Deciduous to semi-evergreen; small glossy leaves turning red in autumn.","","","",""
"0","Californian Lilac 'Concha'","Ceanothus 'Concha'","220","Small glossy leaves smothered in cobalt-blue clusters from red-purple buds","Water while young, then leave it dry","South / West","Free-draining, any pH; Winter wet kills it · avoid frost pockets","Trim lightly after flowering · never cut into old bare wood","","Apr-Jun","","","","","","","","","","","Concha","H4","fast and drought-proof · short-lived · resents hard pruning","sunny walls · Mediterranean borders · pollinators","2.5-4m H × 2.5-4m W","","","14","5","6","10","100","85","","","Hardy in many UK gardens but vulnerable to severe frost, cold winds and wet winters; a warm sheltered site markedly improves reliability.","evergreen","","","",""
"0","Redvein Enkianthus","Enkianthus campanulatus","15","Tiered branches · waxy cream bells veined red · brilliant scarlet autumn foliage","Even moisture while establishing and in dry summers","Any aspect","Humus-rich, acid-neutral; Avoid chalk and prolonged drought","Little needed · tidy damaged or crossing stems after flowering","","May-Nov","","","","","","","","","","","","H6","long-lived and cold hardy · dislikes lime and drying wind","woodland gardens · autumn colour · Japanese-style planting","2.5-4m H × 2.5-4m W","","","6","4","14","7","60","30","","","Very hardy in suitable soil throughout the UK.","deciduous","","","",""
"0","Strawberry Tree","Arbutus unedo","10","Shredding red-brown bark · white urn flowers and red fruit together in autumn","Water while young; tolerates summer dryness after","South / West","Loam, sand or chalk; Dislikes wet heavy winter ground","Very little · take out dead or badly placed wood in spring","","Sep-Nov","","","","","","","","","","","","H4","evergreen · drought and coastal tolerant · fruit edible","coastal gardens · evergreen specimens · wildlife planting","4-8m H × 4-8m W","","","8","6","7","6","90","70","Ripe fruits are edible but are generally valued more as an ornamental feature than as a high-quality dessert fruit.","","Hardy in many UK gardens, particularly in mild, sheltered and coastal areas; young growth can be damaged by severe frost.","evergreen","","","",""
"0","Soft Tree Fern","Dicksonia antarctica","115","Fibrous brown trunk topped by a crown of arching, finely divided fronds","Keep trunk and roots damp · water the trunk itself","North / East","Humus-rich, neutral-acid; Never let the trunk or roots dry","Cut dead fronds close to the trunk · never cut the crown","","May-Oct","","","","","","","","","Imported tree-fern trunks are subject to source-country harvesting and trade paperwork — check the supplier's documentation before sale.","","","H3","very slow to build trunk · pack the crown with straw before frost","woodland gardens · shaded courtyards · fern and exotic planting","2.5-4m H × 2.5-4m W","","","2","3","18","16","25","10","","Commercially harvested Australian tree ferns may be subject to source-country harvesting, tagging and trade controls. Dicksonia antarctica itself is not currently listed under CITES for trade restrictions.","The crown is vulnerable below roughly -5°C. In much of the UK the crown should be packed with dry straw, fleece or similar insulation before significant frost, with extra protection around the upper trunk in colder areas.","evergreen","","","",""
"0","Golden Privet","Ligustrum ovalifolium 'Aureum'","55","Rich yellow leaves with green centres · dense upright evergreen hedging shrub","Moderate; low once established","Any aspect","Any well-drained soil; Best foliage colour in sun","Trim in late summer; renovate hard if needed","","Jan-Dec","","","","","","","","","","","syn. Ligustrum ovalifolium 'Aureomarginatum'","H5","exposed-site tolerant · adaptable · urban suitable","hedging · screening · topiary · foliage colour","2.5–4 m H × 2.5–4 m W","","","13","10","7","5","80","45","","","Hardy through a cold UK winter, withstanding -15 to -10C.","evergreen","","","",""
"0","Black Chokeberry","Aronia melanocarpa","5","White spring flowers · glossy black berries from late summer · fiery red autumn leaves","Moderate; tolerates wet ground once established","Any aspect","Moist but well-drained; Avoid shallow soil over chalk","Little needed; thin out or remove suckers in late winter","","May-Oct","","","","","","","","","","","'Autumn Magic' · 'Hugin' · 'Nero' · Aronia × prunifolia 'Brilliant'","H6","very cold-hardy · wet-soil tolerant · wildlife value · low-maintenance","wildlife planting · autumn colour · informal hedging · edible fruit","1.5–2.5 m H × 1.5–3 m W","","","10","2","11","3","75","40","","","Hardy through a very cold UK winter, withstanding -20 to -15C.","","","","",""
"0","Hairy Canary Clover","Lotus hirsutus LITTLE BOY BLUE ('Lisbob')","205","Soft silver-grey foliage · pink-tinged white pea flowers · mahogany seed pods after","Low once established; water only in prolonged drought","South / West","Free-draining; Winter wet kills it, not cold","Light trim after flowering to keep it compact; avoid cutting into old wood","","Jul-Oct","","","","","","","","","","","syn. Dorycnium hirsutum · 'Fréjorgues'","H4","drought-tolerant · coastal · poor-soil tolerant · pollinator friendly","gravel gardens · containers · sunny edging · coastal planting","30 cm H × 30 cm W","","","10","2","3","5","95","60","","","Hardy through an average UK winter, withstanding -10 to -5C.","","","","",""
"0","Bonfire Begonia","Begonia BONFIRE ('Nzcone')","15","Arching stems hung with fiery orange-red lantern flowers from summer to first frost","Keep evenly moist in growth; never leave standing in water","Any aspect","Well-drained compost; No frost — lift before the first","No pruning; dry the tuber off after the first frost and store frost-free","","Jun-Oct","","","","","","","","","","","a Begonia boliviensis selection · sister to 'Firecracker'","H2","heat-tolerant · self-cleaning flowers · shade-tolerant","containers · hanging baskets · window boxes · summer bedding","30–45 cm H × 30–45 cm W","","","16","10","13","14","50","25","","","Tender: withstands 1-5C and no frost at all. Outdoors in summer only, or under glass.","","","","",""
"0","Virginia Creeper","Parthenocissus quinquefolia","355","Five-fingered leaves turning crimson and orange in autumn · blue-black berries","Moderate; low once established","Any aspect","Any well-drained soil; Very vigorous — keep off roofs and gutters","Cut back hard in winter to keep it clear of roofs, gutters and windows","","Sep-Nov","","","","","","","","","","","'Engelmannii' · not to be confused with Boston Ivy, Parthenocissus tricuspidata","H6","self-clinging · shade-tolerant","walls · fences · fast screening · autumn colour","8–12 m H × 4–8 m W","","","18","2","8","12","60","20","","Listed on Schedule 9 of the Wildlife and Countryside Act 1981. Sale is not banned, but it must not be planted or otherwise caused to grow in the wild.","Hardy through a very cold UK winter, withstanding -20 to -15C.","","","","",""
"0","Flowering Quince 'Kinshiden'","Chaenomeles speciosa 'Kinshiden'","50","Semi-double lemon-cream flowers with green centres on bare spring stems · thorny","Moderate; low once established","Any aspect","Well-drained; any pH; Goes chlorotic on very alkaline soil","Shorten side shoots after flowering; spur-prune if wall-trained","","Mar-Jun","","","","","","","","","","","'Crimson and Gold' · 'Nivalis' · 'Moerloosei'","H6","very hardy · thorny · wall-trainable · lime-tolerant · shade-tolerant","wall training · informal hedging · early nectar · fruit for jelly","1.5–2.5 m H × 2–3 m W","","","8","8","8","10","70","35","","","Hardy through a very cold UK winter, withstanding -20 to -15C.","","","","",""
"0","Obsession Japanese Skimmia","Skimmia japonica OBSESSION ('Obsbolwi')","0","Glossy evergreen leaves · fragrant white spring flowers · persistent red berries","Keep evenly moist","North / East / West","Humus-rich, acid-neutral; Sheltered · avoid chalk and waterlogging","No routine pruning; lightly shape in spring if needed","","Oct-Mar","","","","","","","","","","","trade name OBSESSION; cultivar code 'Obsbolwi'","H5","self-fertile · shade tolerant · compact","containers · shade borders · winter colour","0.5–1 m H × 0.5–1 m W","","","6","10","11","5","25","10","","","Hardy through a cold UK winter, withstanding -15 to -10C.","evergreen","","","",""
"0","Black Beauty Elder","Sambucus nigra f. porphyrophylla 'Gerda'","345","Purple-black foliage · lemon-scented pink flowers · dark autumn berries","Moderate; water during prolonged dry spells","Any aspect","Any well-drained soil; Full sun gives darkest foliage","Prune hard in spring to restrict size or renew foliage","","Apr-Oct","","","","","","","","","","","trade synonym BLACK BEAUTY; cultivar code 'Gerda'","H6","coastal · exposed-site tolerant · adaptable","foliage contrast · wildlife · screening","2.5–4 m H × 2.5–4 m W","","","13","10","8","6","85","45","","","Hardy through a very cold UK winter, withstanding -20 to -15C.","","","","",""
"0","Pineapple Broom","Argyrocytisus battandieri","55","Silky silver-grey leaves · upright yellow flower spikes strongly scented of pineapple","Low once established","South / West","Poor, well-drained; Sheltered · may chlorose on shallow chalk","Prune minimally after flowering; train young shoots if wall-grown","","Jun-Aug","","","","","","","","","","","syn. Cytisus battandieri","H5","drought · coastal · lime tolerant","scented borders · wall shrubs · Mediterranean planting","2.5–4 m H × 2.5–4 m W","","","8","7","5","6","95","85","","","Hardy through a cold UK winter, withstanding -15 to -10C.","","","","",""
"0","Orange Star Firethorn","Pyracantha coccinea 'Orange Star'","30","Thornless evergreen shrub · white flowers earlier · heavy crops of orange berries","Moderate until established","Any aspect","Fertile, well-drained; Avoid waterlogging; full sun best","Prune after flowering; retain older wood for berrying","","Sep-Feb","","","","","","","","","","","Star Series","H2","thornless · fireblight tolerant · disease resistant","walls · hedging · containers · wildlife","2 m H × 1 m W","","","9","8","6","5","75","35","","","Tender: withstands 1-5C and no frost at all. Outdoors in summer only, or under glass.","evergreen","","","",""
"0","Chinese Wisteria","Wisteria sinensis","275","Fragrant lilac flower racemes open before leaves · vigorous twining climber","Moderate; water during prolonged dry spells","South / West","Moist, well-drained; Sheltered · avoid waterlogged ground","Prune twice yearly in Jul-Aug and Jan-Feb","","May-Jun","","","","","","","","","","","syn. Wisteria chinensis","H6","cold hardy · vigorous · very long-lived","walls · pergolas · large trees · trained standards","12–15 m H × 8–12 m W","","","16","11","9","13","90","50","","","Hardy through a very cold UK winter, withstanding -20 to -15C.","","","","",""
"0","Star Jasmine","Trachelospermum jasminoides","115","Glossy evergreen leaves bronzing in cold · intensely fragrant white pinwheels","Water regularly; keep containers damp in heat","South / West","Fertile, free-draining; Needs a warm wall · winter wet is fatal","Trim after flowering · tie young shoots to the support","","Jun-Sep","","","","","","","","","","","","H4","dependable on warm walls · exposure is its limit · milky sap irritates","evergreen climber · scented walls · courtyards · containers","8-12m H × 4-8m W","","","11","5","12","8","90","65","Milky sap can irritate skin and the plant should not be eaten.","","Hardy in many sheltered UK gardens but vulnerable to severe frost and cold drying winds, particularly when young.","evergreen","","","",""
"0","Japanese Anemone 'Pretty Lady Maria'","Anemone × hybrida Pretty Lady Maria ('Aneplaria')","150","Compact clumps with single white flowers and bright yellow stamens in late summer.","Water while establishing and during dry spells.","Any aspect","Moist, well-drained; Avoid excessive winter wet","Cut back in late autumn after flowering.","","Aug-Oct","","","","","","","","","","","Pretty Lady Series; cultivar code 'Aneplaria'","H7","Very hardy; reliable once established in moisture-retentive, well-drained soil.","Borders, cottage gardens, city and courtyard gardens, wildlife gardens and containers.","40–60 cm H × 40–60 cm W","slugs","","10","5","12","6","55","25","","","Very hardy: withstands below -20C, so hardy anywhere in the UK.","","","","",""
"0","Rosemary 'Miss Jessopp's Upright'","Salvia rosmarinus 'Miss Jessopp’s Upright'","220","Upright aromatic evergreen shrub with narrow resinous leaves and pale blue flowers.","Water while establishing; very drought tolerant once mature.","South / West","Poor, very free-draining; Winter wet kills it, not the cold","Trim lightly after flowering, avoiding cuts into old bare wood.","","Mar-Jun","","","","","","","","","","","'Miss Jessopp's Upright'","H4","Highly drought tolerant but vulnerable to winter wet.","Herb gardens, Mediterranean planting, hedging and containers.","1–1.5 m H × 1–1.5 m W","","","11","3","4","5","100","80","","","Hardy through much of the UK where drainage is excellent.","Evergreen; narrow aromatic dark green leaves with pale undersides.","","","",""
"0","Coral-bark Maple","Acer palmatum 'Sango-kaku'","15","Elegant deciduous Japanese maple with coral-red young stems, pinkish-yellow spring leaves, green summer foliage and golden-yellow autumn colour.","Keep evenly moist, especially while establishing and during dry weather.","East / South / West","Fertile, drained, acidic; Wind and drought scorch the leaves","Prune only when necessary, preferably during dormancy to remove damaged or unwanted growth.","","Sep-Feb","","","","","","","","","","","'Sango-kaku'","H6","Hardy once established but appreciates shelter from drying winds.","Specimen tree, Japanese gardens, mixed borders and large containers.","4–8 m H × 2.5–4 m W","","","10","7","12","8","60","35","","","Hardy throughout the UK, approximately -20 to -15°C.","Deciduous; five-lobed leaves with strong seasonal colour.","","","",""
"0","Purpletop Vervain","Verbena bonariensis","285","Tall airy perennial with slender branching stems topped by small clusters of vivid purple flowers.","Water while establishing; tolerates moderate drought.","South / West","Any, well-drained; Winter wet; self-seeds everywhere","Leave stems over winter where desired, then cut back in spring.","","Jun-Oct","","","","","","","","","","","","H4","Drought tolerant and often persists through self-seeding even where individual plants are short-lived.","Prairie planting, pollinator gardens and mixed borders.","1.5–2.5 m H × 0.5–1 m W","","","17","4","6","4","95","75","","","Hardy through much of the UK in well-drained sites, approximately -10 to -5°C.","Herbaceous to semi-evergreen in mild winters; narrow toothed green leaves.","","","",""
"0","Cut-leaved Stag's Horn Sumach","Rhus typhina 'Dissecta'","20","Fern-like cut foliage · brilliant orange-red autumn colour · crimson fruit cones","Moderate; water while establishing","East / South / West","Moist, well-drained; Full sun for strongest autumn colour","Remove unwanted suckers in winter; prune only if needed","","Sep-Nov","","","","","","","","","","","syn. Rhus typhina f. laciniata; 'Laciniata'","H6","cold hardy · exposed-site tolerant · generally pest free","specimen · autumn colour · architectural planting","2.5–4 m H × 4–8 m W","","","11","6","8","7","95","80","","","RHS H6 for the exact cultivar","deciduous","","","",""
"0","Purple Hybrid Catalpa","Catalpa × erubescens 'Purpurea'","275","Black-purple young leaves fade dark green · white orchid-like summer flowers","Moderate; water during prolonged dry spells","Any aspect","Moist, well-drained; Shelter from wind · late-frost risk","Prune minimally; stool in spring for larger foliage","","Apr-Aug","","","","","","","","","","","syn. Catalpa bignonioides 'Purpurea'","H6","generally pest free · honey fungus resistant","specimen · architectural · foliage contrast","10–15 m H × 6–10 m W","","","10","5","9","6","95","60","","","H6; young growth can be damaged by late frost","deciduous","","","",""
"0","Necklace Vine","Muehlenbeckia complexa","120","Dense wiry dark stems · tiny rounded green leaves · airy scrambling or trailing growth","Moderate; water during prolonged dry spells","South / West","Moist, well-drained; Shelter from cold winds","Trim vigorous shoots as needed to contain growth","","Apr-Oct","","","","","","","","","","","syn. Muehlenbeckia axillaris misapplied","H3","coastal tolerant · pest and disease free","walls · banks · containers · trailing displays","2.5–4 m H × 1.5–2.5 m W","","","14","2","8","6","70","40","","","RHS H3; best outdoors in sheltered mild UK gardens","deciduous","","","",""
"0","Star of Love Masterwort","Astrantia major 'Star of Love'","350","Dark wine-red pincushion flowers · deep-red pointed bracts · leafy compact clump","Keep evenly moist","Any aspect","Humus-rich, moist; Avoid prolonged drought","Cut faded flowers back to encourage fresh growth","","Jun-Aug","","","","","","","","","","","","H4","exposed-site tolerant · pollinator friendly","borders · cut flowers · wildlife gardens","50–100 cm H × 50–100 cm W","","","8","10","12","5","60","35","","PBR protected · commercial propagation restricted","Hardy through an average UK winter, withstanding -10 to -5C.","deciduous","","","",""
"0","Black and Blue Anise-Scented Sage","Salvia guaranitica 'Black and Blue'","225","Intense dark-blue flowers emerge from dramatic black calyces · tall leafy stems","Moderate; water during prolonged dry spells","South / West","Well-drained loam or sand; Shelter from cold winds · avoid winter wet","Deadhead flower spikes; cut back after frost","","Aug-Oct","","","","","","","","","","","syn. Salvia caerulea misapplied","H3","vigorous · coastal suitable · pollinator friendly","borders · containers · pollinators","1.5–2.5 m H × 1–1.5 m W","","","14","11","9","10","95","80","","","RHS H3; winter protection is advisable away from mild areas","deciduous","","","",""
"0","Broadband Hosta","Hosta 'Broadband'","85","Dark-green heart-shaped leaves · broad yellow margins fade creamy white in summer","Keep evenly moist","North / East / West","Fertile, moist, well-drained; Shelter from cold dry winds","Remove spent leaves and clear dead foliage in autumn","","Apr-Oct","","","","","","","","","","","","H7","very cold hardy · deep-shade tolerant","shade borders · underplanting · containers","30–50 cm H × 30–50 cm W","","","7","13","13","6","25","10","","","Very hardy: withstands below -20C, so hardy anywhere in the UK.","deciduous","","","",""
"0","Pretty Lady Emily Japanese Anemone","Anemone × hybrida 'Pretty Lady Emily'","335","Large semi-double pale-pink flowers · yellow centres · compact leafy clump","Keep evenly moist; water in dry spells","Any aspect","Moist, well-drained; Avoid excessive winter wet","Cut old stems back after flowering","","Jul-Oct","","","","","","","","","","","Pretty Lady Series","H7","very cold hardy · coastal tolerant","borders · containers · pollinators","50–60 cm H × 30–50 cm W","","","9","10","11","5","65","35","","PBR protected · commercial propagation restricted","Very hardy: withstands below -20C, so hardy anywhere in the UK.","deciduous","","","",""
"0","St John's wort 'Miracle Night'","Hypericum × inodorum MIRACLE NIGHT ('Allmadne')","345","Yellow flowers · purple-flushed foliage · mahogany-purple autumn berries","Moderate; water in dry spells","Any aspect","Moist, well-drained; Avoid waterlogging","Light prune in spring; renovate hard if needed","","Aug-Oct","","","","","","","","","","","Miracle Series; trade name MIRACLE NIGHT; cultivar code 'Allmadne'","H5","drought tolerant once established","containers · borders · cut stems · autumn berries","70–80 cm H × 60–75 cm W","","","10","6","8","5","75","42","Fruit ornamental · not to be eaten","PBR protected · commercial propagation restricted","Hardy through a cold UK winter, withstanding -15 to -10C.","semi-evergreen","","","",""
"0","Ivy 'Goldheart'","Hedera helix 'Oro di Bogliasco'","55","Dark-green 3-lobed leaves · bold golden-yellow centres · vigorous evergreen","Moderate; water while establishing","Any aspect","Humus-rich, well-drained; Sheltered · avoid waterlogging","Trim any time; renovate hard in early spring if needed","","Jan-Dec","","","","","","","","","","","syn. Hedera helix 'Goldheart'; 'Jubiläum Goldherz'; 'Jubilee' misapplied","H5","shade tolerant · coastal tolerant","walls · fences · wildlife cover · containers","4–8 m H × 1–1.5 m W","","","14","10","7","6","65","35","Harmful if eaten · skin irritant/allergen","","Hardy through a cold UK winter, withstanding -15 to -10C.","evergreen","","","",""
"0","Henry's honeysuckle 'Copper Beauty'","Lonicera henryi 'Copper Beauty'","38","Bronze-flushed new leaves · fragrant orange-yellow tubes · blue-black fruit","Keep evenly moist","North / East / West","Humus-rich, well-drained; Sheltered · avoid hot, dry sites","Prune vigorous stems after flowering","","Jun-Aug","","","","","","","","","","","syn. Lonicera 'Copper Beauty'; L. chamissoi 'Copper Beauty'; L. japonica 'Copper Beauty'","H4","shade tolerant","screening · walls · wildlife gardens · cottage gardens","8–12 m H × 1.5–2.5 m W","","","14","12","12","9","55","35","Fruit ornamental · not to be eaten","PBR protected · commercial propagation restricted","RHS H4; evergreen foliage benefits from shelter","evergreen","","","",""
"0","White potato vine","Solanum laxum 'Album'","0","Jasmine-like white flowers · yellow centres · glossy semi-evergreen foliage","Moderate; water in dry spells","South / West","Moist, well-drained; Sheltered · protect from hard frost","Prune after flowering to contain and shape","","Jun-Sep","","","","","","","","","","","syn. Solanum jasminoides 'Album'","H4","","sunny walls · pergolas · courtyards · conservatories","8–12 m H × 1.5–2.5 m W","","","16","8","10","10","92","78","Fruit ornamental · not to be eaten","","RHS H4; best on a warm sheltered wall","semi-evergreen","","","",""
"0","Clematis 'Avalanche'","Clematis × cartmanii AVALANCHE ('Blaaval')","0","Masses of pure-white spring flowers · glossy dissected evergreen foliage","Moderate; keep moist in dry spells","North / East / South","Moist, sharply drained; Shelter · avoid winter wet","Group 1; tidy lightly after flowering if needed","","Mar-Apr","","","","","","","","","","","trade name AVALANCHE; cultivar 'Blaaval'; RHS accepts 'Avalanche' and lists 'Blaaval' as a synonym","H4","shade tolerant","walls · trellis · containers · spring display","2.5–4 m H × 1.5–2.5 m W","","","12","10","11","10","72","45","Skin irritant · harmful if eaten by rabbits","","RHS H4; shelter and gritty drainage improve winter reliability","evergreen","","","",""
"0","Weigela 'Prism Magic Carpet'","Weigela PRISM MAGIC CARPET ('VPWG18-06')","335","Pink bells · green-apricot foliage warming orange · compact rounded mound","Moderate; water while establishing","Any aspect","Moist, well-drained; Avoid waterlogging","Prune lightly after flowering if needed","","May-Jun","","","","","","","","","","","Prism Series; trade name MAGIC CARPET; cultivar code 'VPWG18-06'","H6","cold hardy","containers · border edging · small gardens · pollinators","50–60 cm H × 40–50 cm W","","","11","8","8","4","82","50","","","Hardy through a very cold UK winter, withstanding -20 to -15C.","deciduous","","","",""
"0","Cranesbill 'Bob’s Blunder'","Geranium 'Bob’s Blunder'","338","Small bright-pink flowers · bronze-purple foliage reddening in autumn","Moderate; water in dry spells","Any aspect","Moist, well-drained; Avoid waterlogging","Remove spent stems; cut back old leaves for fresh growth","","May-Sep","","","","","","","","","","","syn. Geranium biuncinatum 'Bob’s Blunder'","H7","cold hardy · shade tolerant","ground cover · border edging · underplanting · containers","30 cm H × 60 cm W","","","9","9","9","5","72","45","","","Very hardy: withstands below -20C, so hardy anywhere in the UK.","deciduous","","","",""
"0","Dahlia 'Electro Pink'","Dahlia ELECTRO PINK ('71853-09')","335","Hot neon-pink cactus blooms · glossy mahogany-black foliage · compact habit","Keep evenly moist in active growth","South / East / West","Rich, well-drained; Avoid winter wet · protect tubers from frost","Deadhead regularly; cut down after first frost","","Jul-Oct","","","","","","","","","","","trade name ELECTRO PINK; RHS cultivar code '71853-09'; EU PBR denomination 'EP7185309'","H4","","containers · borders · cut flowers · pollinators","50–80 cm H × 40–60 cm W","","","14","12","13","13","92","68","Mildly toxic to dogs and cats if eaten · may cause dermatitis","PBR protected · commercial propagation restricted","Breeder minimum about -6°C maps to H4; protect tubers in UK winter","deciduous","","","",""
"0","St John's wort 'Miracle Grandeur'","Hypericum × inodorum MIRACLE GRANDEUR ('Allgrandeur')","0","Bright yellow flowers · dark-green foliage · glossy red autumn berries","Moderate; water in dry spells","Any aspect","Moist, well-drained; Avoid waterlogging","Light prune in spring; renovate hard if needed","","Aug-Oct","","","","","","","","","","","Miracle Series; trade name MIRACLE GRANDEUR; cultivar code 'Allgrandeur'","H5","drought tolerant once established","containers · borders · cut stems · autumn berries","70–80 cm H × 60–75 cm W","","","10","6","8","5","75","42","Fruit ornamental · not to be eaten","PBR protected · commercial propagation restricted","Hardy through a cold UK winter, withstanding -15 to -10C.","semi-evergreen","","","",""
"0","Rice-paper Plant 'Rex'","Tetrapanax papyrifer 'Rex'","105","Enormous deeply lobed leaves to 60cm+ · felted new shoots · cream autumn flower sprays","Regular while young; avoid standing winter wet","South / West","Fertile, humus-rich loam; Suckers travel well beyond the canopy","Cut frost-damaged stems in spring · remove suckers","","Jun-Nov","","","","","","","","","","","Rex","H3","vigorous · frost may cut it to the ground · young hairs irritate skin","exotic borders · architectural foliage · sheltered courtyards","4-5m H × 2.5-4m+ W","","","19","5","11","11","90","65","Fine hairs on young growth may irritate skin, eyes or airways in sensitive people; gloves are sensible when handling or cutting.","","Suitable for mild and sheltered UK gardens. Frost commonly removes the foliage and may kill stems back to ground level, but an established mulched root system can reshoot in spring.","semi-evergreen","","","",""
"0","Variegated red-osier dogwood","Cornus sericea 'Variegata'","0","Cream-edged green leaves · vivid red winter stems · white berries","Keep evenly moist","Any aspect","Moist, moisture-retentive; Avoid very dry sites","Cut back hard in early spring for bright young stems","","Jan-Dec","","","","","","","","","","","syn. Cornus stolonifera 'Variegata'","H7","cold hardy · wet-soil tolerant · shade tolerant","winter stems · borders · mass planting · wildlife gardens","1.5–2.5 m H × 2.5–4 m W","","","14","10","14","6","80","45","","","Very hardy: withstands below -20C, so hardy anywhere in the UK.","deciduous","","","",""
"0","Sweetshrub 'Aphrodite'","Calycanthus 'Aphrodite'","345","Large magnolia-like purple-red flowers · yellow-tipped centres · glossy foliage","Moderate; water in dry spells","East / South / West","Humus-rich, well-drained; Shelter from cold, drying winds","No routine pruning; shape after flowering if needed","","May-Aug","","","","","","","","","","","Calycanthus chinensis × C. occidentalis hybrid; USPP 24,014","H5","cold hardy · part-shade tolerant","specimen · borders · cottage gardens · pollinators","2.5–4 m H × 2.5–4 m W","","","15","4","10","5","82","48","Harmful if eaten","","Hardy through a cold UK winter, withstanding -15 to -10C.","deciduous","","","",""
"0","Lilac 'Znamya Lenina'","Syringa vulgaris 'Znamya Lenina'","315","Fragrant single red-purple flowers · dense upright panicles · heart-shaped leaves","Moderate; water in dry spells","Any aspect","Fertile, well-drained; Neutral–alkaline preferred","Prune immediately after flowering if needed","","May-Jun","","","","","","","","","","","Russian name Знамя Ленина; translated 'Banner of Lenin'","H7","very cold hardy · drought tolerant once established","specimen · flowering hedges · cut flowers · pollinators","3–4 m H × 2–3 m W","","","10","12","8","6","90","62","","","Exact-cultivar Zone 5a hardiness supports H7; RHS species rating is H6","deciduous","","","",""
"0","Honeysuckle 'Rhubarb and Custard'","Lonicera periclymenum 'Rhubarb and Custard'","335","Deep-purple buds · fragrant pink flowers ageing custard-yellow · red berries","Moderate; avoid prolonged dryness","Any aspect","Moist, well-drained; Avoid very dry root conditions","Prune after flowering; shorten overlong shoots as needed","","Jun-Sep","","","","","","","","","","","","H6","shade tolerant · coastal tolerant · cold hardy","walls · trellis · containers · wildlife gardens","1.5–2.5 m H × 1–1.5 m W","","","15","12","11","6","72","42","Fruit ornamental · not to be eaten","","Hardy through a very cold UK winter, withstanding -20 to -15C.","deciduous","","","",""
"0","Dwarf Formosa lily","Lilium formosanum var. pricei","0","Huge fragrant white trumpets · wine-red outer flush · narrow dark-green leaves","Moderate; keep moist in active growth","South","Acid, well-drained; Sunny, sheltered · avoid winter wet","Deadhead after flowering; allow foliage to die back naturally","","Jul-Aug","","","","","","","","","","","Kew treats var. pricei as a synonym of Lilium formosanum","H4","compact alpine habit · cold tolerant","rock gardens · containers · border fronts · cut flowers","10–30 cm H × 10–30 cm W","","","10","14","10","10","92","75","Bulbs not to be eaten · highly toxic to cats if eaten","","RHS H4; shelter and good drainage are important","deciduous","","","",""
"0","Ninebark 'Diabolo'","Physocarpus opulifolius 'Diabolo'","280","Purple-black lobed leaves · peeling older bark · pink-budded white flower heads","Water while young; fairly drought tolerant after","East / South / West","Clay, loam or sand; Shallow chalk can cause chlorosis","Take older stems out at the base after flowering","","Jun-Oct","","","","","","","","","","","Diabolo","H7","one of the toughest dark-leaved shrubs · takes hard renovation","mixed borders · hedging · dark foliage contrast","1.5-2.5m H × 1.5-2.5m W","","","13","3","9","5","80","45","","","Exceptionally hardy and suitable for even very cold UK gardens.","deciduous","","","",""
"0","Rose of Sharon 'Lavender Chiffon'","Hibiscus syriacus LAVENDER CHIFFON ('Notwoodone')","290","Large lilac-lavender semi-double flowers · dark red-veined centres · dark foliage","Moderate; water in dry spells","East / South","Moist, well-drained; Sheltered · avoid waterlogging","Prune in late winter or early spring if needed","","Jul-Sep","","","","","","","","","","","Chiffon Series; trade name LAVENDER CHIFFON; cultivar code 'Notwoodone'","H5","heat tolerant · drought tolerant once established · coastal tolerant","specimen · shrub borders · screening · informal hedging","1.5–2.5 m H × 1–1.5 m W","","","10","9","9","6","90","68","","","RHS H5; breeder sources claim tolerance to about -20 to -25°C","deciduous","","","",""
"0","Eastern redbud 'Carolina Sweetheart'","Cercis canadensis CAROLINA SWEETHEART ('NCCC1')","340","Maroon new leaves · pink-white-green variegation · pink-purple spring flowers","Moderate; water in prolonged dry spells","East / South / West","Fertile, well-drained; Avoid wet soil · shelter from harsh sun","Little pruning; remove damaged growth after flowering","","Apr-Sep","","","","","","","","","","","trade name CAROLINA SWEETHEART; cultivar code 'NCCC1'","H5","part-shade tolerant · drought tolerant once established","specimen · small gardens · courtyards · pollinators","3 m H × 3 m W","","","6","10","9","7","82","52","","","Hardy through a cold UK winter, withstanding -15 to -10C.","deciduous","","","",""
"0","Oleaster 'Limelight'","Elaeagnus × submacrophylla 'Limelight'","55","Lime-gold centred leaves · dark-green margins · silvery young growth","Low once established","East / South / West","Fertile, well-drained; May yellow on shallow chalk","Trim to shape; remove reverted green shoots","","Jan-Dec","","","","","","","","","","","syn. Elaeagnus × ebbingei 'Limelight'","H5","drought tolerant · coastal tolerant · pollution tolerant","hedging · screening · coastal gardens · foliage contrast","2.5–4 m H × 2.5–4 m W","","","12","8","6","4","78","42","","","Hardy through a cold UK winter, withstanding -15 to -10C.","evergreen","","","",""
"0","Japanese maple 'Oridono-nishiki'","Acer palmatum 'Oridono-nishiki'","340","Green, cream and vivid pink variegation · orange-red autumn colour","Moderate; water in dry spells","East / South / West","Moist, well-drained; Sheltered · avoid hot, dry exposure","Prune only if needed from late autumn to midwinter","","Apr-Nov","","","","","","","","","","","also encountered as 'Orido-nishiki'","H6","cold hardy · part-shade tolerant · urban suitable","specimen · courtyards · containers · foliage colour","4–6 m H × 2.5–4 m W","","","7","10","10","7","58","40","","","Hardy through a very cold UK winter, withstanding -20 to -15C.","deciduous","","","",""
"0","Barrenwort 'Fröhnleiten'","Epimedium × perralchicum 'Fröhnleiten'","55","Bright yellow flowers · leathery leaves flushed bronze-red when young","Moderate; tolerates drier soil once established","North / East / West","Humus-rich, well-drained; Shelter from cold, dry winds","No routine pruning; remove damaged old foliage if needed","","Mar-May","","","","","","","","","","","syn. Epimedium grandiflorum 'Frohnleiten'; Epimedium perralderianum 'Frohnleiten'","H6","cold hardy · dry-shade tolerant · shade tolerant","ground cover · woodland gardens · underplanting · containers","30–40 cm H × 60–80 cm W","","","10","7","8","4","48","28","","","Hardy through a very cold UK winter, withstanding -20 to -15C.","evergreen","","","",""
"0","Tawhiwhi 'Tom Thumb'","Pittosporum tenuifolium 'Tom Thumb'","285","Deep purple-black wavy leaves · lime-green new growth · compact rounded mound","Moderate; water in dry spells","East / West","Moist, well-drained; Shelter from cold, drying winds","No routine pruning; lightly shape in summer if needed","","Jan-Dec","","","","","","","","","","","syn. Pittosporum 'Tom Thumb'","H4","coastal tolerant · urban suitable · drought tolerant once established","containers · border fronts · foliage contrast · low hedging","50–100 cm H × 50–100 cm W","","","6","10","8","5","82","48","","","RHS H4; protection may be needed in colder exposed sites","evergreen","","","",""
"0","Deciduous Azalea 'Homebush'","Rhododendron 'Homebush'","335","Rounded trusses of rose-pink hose-in-hose flowers · good autumn leaf colour","Even moisture; rainwater where the tap runs hard","Any aspect","Humus-rich, acidic; Ericaceous — chalk causes chlorosis","Little needed · remove dead wood after flowering","","May-Jun","","","","","","","","","","","Homebush","H6","very hardy in acid ground · all parts harmful if eaten","woodland gardens · acid borders · spring displays","1.5-2.5m H × 1.5-2.5m W","","","9","10","14","9","50","30","All parts are harmful if eaten and can be toxic to people, pets and livestock.","","Very hardy in UK gardens, although an exposed position can damage flowers or developing buds.","deciduous","","","",""
"0","Heart-leaved houttuynia 'Pied Piper'","Houttuynia cordata 'Pied Piper'","30","Green leaves splashed red, orange and yellow · small white flower spikes","Moderate; tolerates wet soil","South / West","Moist to poorly drained; Contain rhizomes · spreads aggressively","Divide regularly to limit spread","","May-Oct","","","","","","","","","","","","H6","cold hardy · wet-soil tolerant · shade tolerant","ground cover · bog gardens · pond margins · containers","20–30 cm H × 50–100 cm W","","","16","2","11","7","75","45","","","Hardy through a very cold UK winter, withstanding -20 to -15C.","deciduous","","","",""
"0","African lily 'Ovatus'","Agapanthus 'Ovatus'","220","Rounded heads of pale-mid blue trumpets · broad evergreen strap-like foliage","Moderate; water freely in active growth","South / West","Fertile, well-drained; Sheltered · protect containers in cold winters","Remove spent flower stems; tidy old foliage as needed","","Jul-Sep","","","","","","","","","","","syn. Agapanthus umbellatus subsp. ovatus; widely sold as Agapanthus umbellatus 'Ovatus'","H4","drought tolerant once established · coastal tolerant","containers · borders · cut flowers · architectural planting","1–1.5 m H × 10–50 cm W","","","10","12","10","9","92","72","Harmful if eaten by humans, dogs and cats","","RHS H4; mulch outdoors and overwinter containers under cover in cold areas","evergreen","","","",""
"0","Hebe 'Emerald Gem'","Veronica 'Emerald Gem'","120","Tiny glossy green leaves · dense rounded mound · sparse white summer flowers","Low once established","Any aspect","Well-drained; Shelter from cold, drying winds","No routine pruning; trim lightly after flowering if needed","","Jan-Dec","","","","","","","","","","","syn. Hebe 'Emerald Gem'; 'Green Globe'; 'Emerald Green'; 'Emerald Dome'; 'McKean'; 'Milmont Emerald'","H4","drought tolerant · coastal tolerant · pollution tolerant","containers · edging · rock gardens · low hedging","30 cm H × 30–50 cm W","","","6","10","5","5","75","45","","","RHS H4; shelter improves winter reliability","evergreen","","","",""
"0","Plantain lily 'Emerald Charger'","Hosta 'Emerald Charger'","55","Golden-yellow leaves · broad dark-green margins · fragrant lavender flowers","Keep evenly moist","Any aspect","Moist, well-drained; Sheltered · avoid dry soil","Remove dead foliage in autumn or early spring","","May-Oct","","","","","","","","","","","registered by Mark Zilis in 2010; sport of Hosta 'Stained Glass'","H7","deep-shade tolerant · very cold hardy","shade borders · woodland gardens · containers · foliage contrast","50–60 cm H × 80–100 cm W","","","11","15","13","7","40","20","Toxic to dogs and cats if eaten","","Very hardy: withstands below -20C, so hardy anywhere in the UK.","deciduous","","","",""
"0","Butterfly bush 'Little Ruby'","Buddleja davidii LITTLE RUBY ('Botex 006')","345","Rich ruby-pink flower spikes · compact rounded habit · grey-green foliage","Moderate; water in prolonged dry spells","South / West","Fertile, well-drained; Sheltered · avoid waterlogging","Deadhead; prune hard to a low framework in early spring","","Jul-Oct","","","","","","","","","","","Butterfly Candy Series; trade name LITTLE RUBY; cultivar code 'Botex 006'","H6","cold hardy · drought tolerant once established","containers · small gardens · borders · pollinators","80 cm H × 80 cm W","","","14","12","8","5","94","68","","PBR protected · commercial propagation restricted","RHS H6; breeder reports hardiness to about -18°C","deciduous","","","",""
"0","Clematis 'Josephine'","Clematis JOSEPHINE ('Evijohill')","325","Large pink-mauve rosette flowers · creamy-green outer sepals · layered centres","Keep evenly moist in active growth","South / West","Moist, well-drained; Sheltered · keep roots cool","Group 2; lightly prune to strong buds in early spring","","Jun-Sep","","","","","","","","","","","trade name JOSEPHINE; cultivar code 'Evijohill'; Early Large-flowered Group","H6","cold hardy","walls · trellis · containers · flowering screens","1.5–2.5 m H × 1–1.5 m W","","","14","13","12","10","90","60","Skin irritant · harmful to rabbits if eaten","","Hardy through a very cold UK winter, withstanding -20 to -15C.","deciduous","","","",""
"0","Cobweb houseleek","Sempervivum arachnoideum","0","Tiny green-red rosettes · dense white cobweb hairs · starry pink summer flowers","Low; allow soil to dry between watering","Any aspect","Poor, sharply drained; Avoid winter wet","No routine pruning","","Jan-Dec","","","","","","","","","","","","H7","very cold hardy · drought tolerant · exposed-site tolerant","rock gardens · troughs · containers · ground cover","10 cm H × 10–50 cm W","","","8","6","2","3","96","80","","","Very hardy: withstands below -20C, so hardy anywhere in the UK.","evergreen","","","",""
"0","Forsythia 'Lynwood Variety'","Forsythia × intermedia 'Lynwood Variety'","55","Vigorous upright deciduous shrub smothered in large bright yellow flowers on bare stems in early spring.","Water while establishing; reasonably drought tolerant thereafter.","East / South / West","Any, moist but drained; Shade costs you the flowers","Prune immediately after flowering, removing some old stems to encourage strong replacement growth.","","Feb-Mar","","","","","","","","","","","'Lynwood Variety'","H6","Very robust and adaptable.","Shrub borders, informal hedging and spring displays.","1.5–2.5 m H × 1.5–2.5 m W","","","16","3","7","5","75","40","","","Hardy throughout the UK.","Deciduous; narrow ovate green leaves.","","","",""
"0","Deutzia 'Magicien'","Deutzia × hybrida 'Magicien'","335","Showy pink-and-white flowers · matt-green leaves · upright bushy habit","Moderate; water in dry spells","East / South / West","Moist, well-drained","Prune lightly after flowering if needed","","May-Jun","","","","","","","","","","","syn. Deutzia 'Magicien'; Deutzia 'Magician'; Lemoine introduction","H5","cold hardy · exposed-site tolerant","shrub borders · cottage gardens · banks · flowering specimen","1–1.5 m H × 1–1.5 m W","","","10","5","10","4","88","65","","","Hardy through a cold UK winter, withstanding -15 to -10C.","deciduous","","","",""
"0","Cucumber tree","Magnolia acuminata","55","Green-yellow flowers · cucumber-like fruit turning red · yellow autumn foliage","Moderate; water in prolonged dry spells","East / South / West","Moist, well-drained; Sheltered · avoid prolonged drought","Minimal; prune only if needed in midsummer","","May-Oct","","","","","","","","","","","","H6","cold hardy · part-shade tolerant","specimen · parkland · shade tree · wildlife gardens","15–30 m H × 10–18 m W","","","10","9","11","5","82","52","","","Hardy through a very cold UK winter, withstanding -20 to -15C.","deciduous","","","",""
"0","Hebe 'Rhubarb Crumble'","Veronica 'Rhubarb Crumble'","340","Pink-burgundy new growth · cream-green variegation · soft lilac summer flowers","Moderate; water in dry spells","South / West","Moist, well-drained; Shelter from severe frost and cold winds","Trim lightly after flowering to maintain shape","","Jan-Dec","","","","","","","","","","","Bella Bloom collection; widely sold as Hebe 'Rhubarb Crumble'","H3","coastal tolerant · drought tolerant once established","containers · border fronts · coastal gardens · pollinators","60–70 cm H × 60–70 cm W","","","9","9","7","6","82","50","","","Exact trade material rates it H3; protect from severe frost","evergreen","","","",""
"0","Rhododendron 'Hoppy'","Rhododendron 'Hoppy'","285","Frilled pale-lilac flowers fading white · yellow spotting · compact dark foliage","Keep evenly moist","North / East / West","Acid, moist, well-drained; Acid soil · shelter from cold winds","No routine pruning; lightly shape after flowering if needed","","May-Jun","","","","","","","","","","","yakushimanum hybrid; parentage (R. yakushimanum × 'Doncaster') selfed","H5","part-shade tolerant · cold hardy","containers · small gardens · shrub borders · edging","10–50 cm H × 50–100 cm W","","","8","13","11","8","50","32","Harmful if eaten","","Hardy through a cold UK winter, withstanding -15 to -10C.","evergreen","","","",""
"0","Lupin 'The Governor'","Lupinus 'The Governor' (Band of Nobles Series)","235","Upright herbaceous perennial with palmate foliage and tall blue-and-white bicoloured flower spikes.","Keep moderately moist during growth.","South / West","Fertile, drained, acidic; Slugs and aphids; dislikes lime","Deadhead promptly to encourage repeat flowering; cut old growth down after dieback.","","Jun-Jun","","","","","","","","","","","'The Governor' (Band of Nobles Series)","H5","Cold hardy but vulnerable to slugs, snails and aphids.","Cottage gardens, herbaceous borders and cut flowers.","0.5–1 m H × 0.5–1 m W","","","15","13","10","8","90","70","Seeds and other plant parts may be harmful if eaten.","","Hardy in most UK locations.","Herbaceous; palmate green leaves.","","","",""
"0","Persian ironwood 'Bella'","Parrotia persica 'Bella'","0","Red-purple spring flush · glossy green leaves · wine-red-purple autumn colour","Moderate; water while establishing","Any aspect","Moist, well-drained","No routine pruning; remove damaged growth when dormant","","Sep-Nov","","","","","","","","","","","","H6","cold hardy · drought tolerant · wind tolerant · urban suitable","specimen · autumn colour · woodland gardens · architectural planting","6–10 m H × 4–6 m W","","","9","4","7","3","82","50","","","Hardy through a very cold UK winter, withstanding -20 to -15C.","deciduous","","","",""
"0","Kara Tau garlic 'Red Giant'","Allium karataviense 'Red Giant'","345","Purplish-red flower globes · broad glaucous leaves flushed purple-red","Low; water during prolonged dry spells","South / West","Fertile, well-drained; Avoid winter wet","Remove old flower stems and foliage after they die back","","Jun-Jul","","","","","","","","","","","syn. Allium 'Red Giant Star'","H5","drought tolerant once established","containers · gravel gardens · border fronts · pollinators","20–25 cm H × 20–30 cm W","","","8","10","6","4","94","78","Toxic to pets if eaten","","Hardy through a cold UK winter, withstanding -15 to -10C.","deciduous","","","",""
"0","Japanese maple 'Firecracker'","Acer palmatum 'Firecracker'","350","Finely dissected purple-red leaves · vivid scarlet-orange autumn colour","Moderate; water in dry spells","East / South / West","Moist, well-drained; Sheltered · avoid hot, dry exposure","Prune only if needed from late autumn to midwinter","","Apr-Nov","","","","","","","","","","","syn. Acer amoenum 'Firecracker'; Dissectum Group","H6","cold hardy · part-shade tolerant · urban suitable","specimen · containers · courtyards · autumn colour","2.5–4 m H × 2.5–4 m W","","","6","10","10","7","58","40","","","Hardy through a very cold UK winter, withstanding -20 to -15C.","deciduous","","","",""
"0","Dwarf mountain pine","Pinus mugo","120","Dense dark-green paired needles · spreading bushy habit · brown ovoid cones","Low once established","Any aspect","Well-drained; Avoid waterlogging","No routine pruning","","Jan-Dec","","","","","","","","","","","syn. Pinus montana","H7","very cold hardy · drought tolerant · coastal tolerant · wind tolerant","specimen · slopes · coastal gardens · large rock gardens","2.5–4 m H × 4–8 m W","","","6","9","5","3","95","75","","","Very hardy: withstands below -20C, so hardy anywhere in the UK.","evergreen","","","",""
"0","Jelly palm","Butia capitata","180","Arching blue-grey feathered fronds · stout trunk · edible orange-yellow fruit","Moderate; water freely in summer","East / South / West","Moist, well-drained; Sheltered · avoid waterlogging","No routine pruning; remove dead lower fronds only","","Jan-Dec","","","","","","","","","","","syn. Butia bonnetii; Cocos capitata","H3","drought tolerant · coastal suitable","specimen · architectural planting · coastal gardens · large containers","4–8 m H × 1.5–2.5 m W","","","6","6","8","10","95","78","","","RHS H3; established plants may tolerate about -10°C in ideal sheltered sites","evergreen","","","",""
"0","Mexican fleabane 'Profusion'","Erigeron karvinskianus 'Profusion'","345","White daisies ageing pink-purple · yellow centres · wiry spreading stems","Low once established","East / South / West","Poor, well-drained; Avoid winter wet","Cut back to new basal shoots in early spring","","May-Nov","","","","","","","","","","","syn. Erigeron 'Profusion'; Erigeron karvinskianus 'Bluetenmeer'","H5","drought tolerant · coastal tolerant · urban suitable","rock gardens · walls · edging · containers","15–30 cm H × 50–100 cm W","","","12","3","4","3","92","58","","","Hardy through a cold UK winter, withstanding -15 to -10C.","semi-evergreen","","","",""
"0","Heavenly Blue","Lithodora diffusa 'Heavenly Blue'","215","Intense gentian-blue flowers · narrow dark-green evergreen leaves · trailing habit","Moderate; water in dry spells","South / West","Acid, sharply drained; Avoid alkaline soil · avoid winter wet","Trim lightly after flowering to maintain shape","","Apr-Jul","","","","","","","","","","","","H5","drought tolerant once established · coastal tolerant","rock gardens · containers · edging · walls","10–15 cm H × 30–50 cm W","","","8","5","6","6","90","68","","","Hardy through a cold UK winter, withstanding -15 to -10C.","evergreen","","","",""
"0","Moroccan daisy 'Zagora Yellow'","Rhodanthemum hosmariense 'Zagora Yellow'","55","Yellow daisies, some opening white · dark centres · finely divided silvery-grey foliage","Low once established","South / West","Poor, sharply drained; Avoid winter wet","Deadhead regularly; cut back lightly after flowering","","May-Sep","","","","","","","","","","","Zagora Series; Zagora® Yellow","H4","drought tolerant · coastal tolerant · heat tolerant","rock gardens · containers · borders · pollinators","20–30 cm H × 30–40 cm W","","","10","3","4","4","95","72","","","RHS H4","evergreen","","","",""
"0","Swiss cheese plant","Monstera deliciosa","120","Large glossy green leaves · deep splits and holes · aerial-rooted climbing habit","Water when compost begins to dry","South","Moist, well-drained; Avoid direct summer sun · avoid waterlogging","Prune to control size; remove damaged leaves","","Jan-Dec","","","","","","","","","","","syn. Philodendron pertusum","H1b","shade tolerant · humidity tolerant","houseplants · conservatories · indoor specimens · tropical displays","4–8 m H × 1.5–2.5 m W","","","15","8","11","6","55","30","Harmful if eaten · skin and eye irritant","","RHS H1B; grow indoors or under glass at 10–15°C minimum","evergreen","","","",""
"0","Aloe vera","Aloe vera","120","Fleshy grey-green rosettes · pale spots on young leaves · toothed margins","Water when compost dries","South / West","Poor, sharply drained; Avoid wet compost · protect from frost","Remove dead or damaged leaves at the base","","Jun-Sep","","","","","","","","","","","syn. Aloe vera var. chinensis; Aloe chinensis; Aloe barbadensis var. chinensis","H1b","drought tolerant · heat tolerant","houseplants · conservatories · sunny windowsills · containers","50–100 cm H × 50–100 cm W","","","8","8","2","3","90","60","Harmful if eaten","","RHS H1b; cannot tolerate freezing temperatures","evergreen","","","",""
"0","Lacecap hydrangea 'Zorro'","Hydrangea macrophylla 'Zorro'","220","Ultramarine-blue lacecaps · deep purple-black stems · dark-green leaves","Keep evenly moist","North / East / West","Moist, well-drained; Avoid dry soil · shelter from cold winds","Prune Group 4; remove faded flowers and oldest stems in spring","","Jun-Sep","","","","","","","","","","","branch sport of 'Blaumeise'; Royalty Collection","H5","part-shade tolerant · urban suitable","containers · shrub borders · cut flowers · woodland gardens","1–1.5 m H × 1–1.5 m W","","","12","11","14","7","58","35","Skin allergen · harmful if eaten by dogs and cats","PBR protected · commercial propagation restricted","RHS H5; flowers can be affected by late frosts","deciduous","","","",""
"0","Japanese blood grass 'Red Baron'","Imperata cylindrica 'Rubra'","0","Green blades flushed deep crimson · silvery flower panicles in late summer","Moderate; keep moist while establishing","East / South / West","Moist, well-drained; Avoid winter waterlogging","Cut back dead foliage in spring","","Jun-Oct","","","","","","","","","","","syn. Imperata cylindrica 'Red Baron'; Imperata 'Red Baron'","H4","cold hardy · urban suitable","borders · containers · ground cover · foliage contrast","40–50 cm H × 30–50 cm W","","","8","2","10","4","90","55","","","May need winter protection in colder areas","deciduous","","","",""
"0","Wormwood 'Powis Castle'","Artemisia 'Powis Castle'","0","Finely divided silvery-grey foliage · dense rounded habit · aromatic leaves","Low once established","East / South / West","Poor, well-drained; Avoid winter wet","Cut back to lowest new shoots in mid to late spring","","Jan-Dec","","","","","","","","","","","syn. Artemisia arborescens 'Powis Castle'; Artemisia arborescens 'Brass Band'","H3","drought tolerant · exposed-site tolerant · heat tolerant","gravel gardens · borders · containers · foliage contrast","50–60 cm H × 60–90 cm W","","","9","5","3","4","95","75","","","RHS H3; some UK growers rate established plants H4 in sheltered sites","evergreen","","","",""
"0","Gaura 'Rosy Jane'","Oenothera lindheimeri 'Rosy Jane'","335","White flowers with vivid pink picotee edges · dark-pink buds · purple-flecked foliage","Moderate; water in dry spells","East / South / West","Moist, well-drained; Avoid winter wet","Remove spent flowering stalks; cut back in early spring","","May-Oct","","","","","","","","","","","trade name Rosy Jane; cultivar code 'Harrosy'","H4","drought tolerant once established · wind tolerant · urban suitable","borders · containers · prairie planting · wildlife gardens","50–100 cm H × 40–60 cm W","","","13","3","9","4","95","68","","PBR protected · commercial propagation restricted","RHS H4; hardy through most of the UK","deciduous","","","",""
"0","Button bush 'Fiber Optics'","Cephalanthus occidentalis 'Bailoptics'","0","Creamy-white spherical flowers · glossy green leaves · coppery autumn colour","Keep evenly moist; tolerates flooding","East / South / West","Moist to wet; Avoid prolonged dry soil","Cut back hard in early spring if required","","Jul-Sep","","","","","","","","","","","trade name Fiber Optics; First Editions Series; cultivar code 'Bailoptics'","H5","wet-soil tolerant · flood tolerant · pollinator friendly","pond margins · rain gardens · wet borders · wildlife gardens","1.5–2 m H × 1.5–2 m W","","","10","3","15","5","82","48","","PBR protected · commercial propagation restricted","USDA zone 4; UK hardiness is inferred from cold tolerance","deciduous","","","",""
"0","Chaste tree 'Delta Blues'","Vitex agnus-castus 'Piivac-I'","225","Dense deep violet-blue flower panicles · aromatic blue-green foliage","Low once established","South / West","Poor, well-drained; Shelter from cold winds · avoid winter wet","Prune hard in early spring; deadhead to encourage repeat flowering","","Jun-Oct","","","","","","","","","","","trade name Delta Blues; First Editions Series; cultivar code 'Piivac-I'","H5","drought tolerant · heat tolerant · coastal tolerant","specimen · wildlife gardens · shrub borders · informal hedging","2.5–3 m H × 2.5–3 m W","","","16","7","5","5","96","78","","","H5 inferred from reported USDA zone 6 tolerance","deciduous","","","",""
"0","Chaste tree 'Flip Side'","Vitex × 'Bailtexone'","225","Deep lavender-blue flower panicles · olive-green leaves with purple undersides","Low once established","South / West","Poor, well-drained; Shelter from cold winds · avoid winter wet","Prune in early spring; deadhead to encourage repeat flowering","","Jul-Sep","","","","","","","","","","","trade name Flip Side; First Editions Series; cultivar code 'Bailtexone'; hybrid of Vitex trifolia 'Purpurea' × V. agnus-castus","H5","drought tolerant · heat tolerant · coastal tolerant","specimen · shrub borders · wildlife gardens · informal hedging","2–2.5 m H × 2–3 m W","","","15","7","5","5","96","78","","","H5 inferred from reported USDA zone 7 tolerance","deciduous","","","",""
"0","Eupatorium 'Pink Frost'","Eupatorium japonicum 'Pink Frost'","335","Cream-white variegated leaves · pink-flushed young growth · flat pink flower heads","Keep evenly moist","East / South / West","Moist, well-drained; Do not allow soil to dry out","Cut back at the end of the season","","Jul-Sep","","","","","","","","","","","RHS: Eupatorium fortunei 'Pink Frost'; Kew synonymises E. fortunei with E. japonicum","H5","part-shade tolerant · exposed-site tolerant","cottage gardens · prairie planting · wildlife gardens · containers","1–1.5 m H × 0.5–1 m W","","","11","7","13","5","68","40","","","RHS H5","deciduous","","","",""
"0","Perennial Wallflower 'Bowles's Mauve'","Erysimum 'Bowles’s Mauve'","285","Grey-green mound topped by purple-mauve spires from spring to late autumn","Water while young, then keep it on the dry side","South / West","Well-drained chalk or sand; Wet winter ground shortens its life","Trim lightly between flushes · never cut into old bare wood","","Mar-Nov","","","","","","","","","","","Bowles’s Mauve","H4","immensely floriferous but short-lived · take cuttings to replace it","pollinators · gravel gardens · sunny borders · containers","0.5-1m H × 0.5-1m W","","","10","6","6","7","100","85","Potentially harmful if eaten; grow as an ornamental rather than an edible plant.","","Generally hardy in well-drained UK gardens but severe cold and winter wet can shorten its life.","evergreen","","","",""
"0","Japanese cedar 'Serama'","Cryptomeria japonica Serama ('FM5')","120","Compact green conifer · fasciated, contorted branches · dense pyramidal habit","Moderate; keep moist while establishing","East / South / West","Moist, well-drained; Sheltered · avoid waterlogging","No routine pruning","","Jan-Dec","","","","","","","","","","","trade name Serama; cultivar denomination 'FM5'","H6","cold hardy · urban suitable","containers · small gardens · rock gardens · specimen","50–60 cm H × 40–60 cm W","","","7","3","10","4","82","55","","PBR protected · commercial propagation restricted","RHS does not publish an individual hardiness rating; H6 inferred from the species and breeder's very frost-hardy description","evergreen","","","",""
"0","Japanese snowbell 'Evening Light'","Styrax japonicus 'Evening Light'","275","Deep purple young foliage · white bell-shaped flowers · dark red calyces","Keep evenly moist","South / West","Moist, well-drained; Acid to neutral soil · shelter from cold winds","Pruning Group 1; prune only if needed after flowering","","May-Jul","","","","","","","","","","","","H5","part-shade tolerant · urban suitable","specimen · city gardens · courtyards · cottage gardens","2.5–4 m H × 2.5–4 m W","","","7","3","11","5","82","52","","PBR protected · commercial propagation restricted","RHS H5; foliage colour is strongest in full sun","deciduous","","","",""
"0","Korean pine 'Jack Corbit'","Pinus koraiensis 'Jack Corbit'","180","Long soft blue-green needles · subtle yellow banding · compact pyramidal habit","Moderate; water while establishing","East / South / West","Moist, well-drained; Avoid prolonged waterlogging","No routine pruning","","Jan-Dec","","","","","","","","","","","syn. 'Jack Korbit'; also 'Jack Corbett' and 'Jack Korbett'","H7","cold hardy · drought tolerant · part-shade tolerant","specimen · containers · small gardens · conifer collections","1.8–3 m H × 1–2 m W","","","6","9","8","4","82","50","","","Very cold hardy; specialist sources report USDA zone 3","evergreen","","","",""
"0","Atlas cedar 'Horstmann's Silberspitz'","Cedrus atlantica (Glauca Group) 'Horstmann’s Silberspitz'","180","Blue-green needles · creamy-white new tips · young shoots turn burnished yellow","Moderate; water while establishing","South / West","Moist, well-drained; Shelter from strong winds · avoid waterlogging","No routine pruning","","Jun-Dec","","","","","","","","","","","syn. Cedrus atlantica (Glauca Group) 'Silberspitz'; Cedrus atlantica 'Silberspitz'","H6","cold hardy · drought tolerant once established · urban suitable","specimen · conifer gardens · large containers · architectural planting","2.5–4 m H × 1.5 m W","","","10","5","7","4","90","65","","","RHS H6","evergreen","","","",""
"0","Burnet 'Pink Brushes'","Sanguisorba 'Pink Brushes'","335","Powder-pink nodding bottlebrushes · finely cut green foliage · airy upright stems","Keep evenly moist","East / South / West","Moist, well-drained; Do not allow soil to dry out","Cut back in late winter; remove faded flower stems","","Jul-Sep","","","","","","","","","","","hybrid; sometimes listed as Sanguisorba × hakusanensis 'Pink Brushes'","H7","cold hardy · wet-soil tolerant · pollinator friendly","prairie planting · pond margins · wildlife gardens · cut flowers","1–1.2 m H × 50–60 cm W","","","13","2","14","4","82","48","","","RHS H7; hardy in the severest European continental climates","deciduous","","","",""
"0","Sessile fairy bells 'Variegatum'","Disporum sessile 'Variegatum'","120","Arching stems · pointed leaves with fine white stripes · hanging green-white bells","Keep evenly moist","North / East / West","Moist, well-drained; Sheltered · avoid prolonged dry soil","No pruning required","","May-Jun","","","","","","","","","","","","H6","shade tolerant · cold hardy","woodland gardens · ground cover · shrub underplanting · cottage gardens","30–45 cm H × 50–100 cm W","","","8","7","12","4","42","20","","","Hardy through a very cold UK winter, withstanding -20 to -15C.","deciduous","","","",""
"0","Hybrid Christmas rose 'Winter Moonbeam'","Helleborus × ericsmithii 'Winter Moonbeam'","0","White outward-facing flowers ageing pink-red · silver-veined dark foliage","Keep evenly moist","Any aspect","Moist, well-drained; Shelter from strong cold winds","Remove faded or damaged foliage as flowers appear","","Dec-Apr","","","","","","","","","","","syn. Helleborus 'Winter Moonbeam'","H5","cold hardy · shade tolerant · exposed-site tolerant","woodland gardens · containers · winter borders · wildlife gardens","25–35 cm H × 40–45 cm W","","","7","11","12","5","48","28","Harmful if eaten · skin irritant","PBR protected · commercial propagation restricted","Hardy through a cold UK winter, withstanding -15 to -10C.","evergreen","","","",""
"0","Evening primrose 'Sulphurea'","Oenothera stricta 'Sulphurea'","55","Bronzy-green leaves · red buds and stems · lemon-yellow flowers fading peach","Low; water during prolonged dry spells","South/West","Poor to moderate, well-drained; Avoid heavy, wet soils","Cut back after flowering","","Jun-Oct","","","","","","","","","","","syn. Oenothera odorata 'Sulphurea'; Oenothera odorata 'Cream'","H5","drought tolerant · coastal tolerant · heat tolerant","gravel gardens · cottage gardens · wildflower meadows · flower borders","60–90 cm H × 30–45 cm W","","","12","6","4","5","95","80","","","RHS H5","deciduous","","","",""
"0","Pearl Bush 'The Bride'","Exochorda × macrantha","0","Arching branches · pale green oblong leaves · masses of pure white papery five-petalled flowers in short racemes","Keep moist, never waterlogged","Any aspect","Any, well-drained; Avoid waterlogged ground","Group 2: prune after flowering, removing older flowered wood","","Apr-May","","","","","","","","","","","'The Bride'","H6","robust once established · generally pest-free · low maintenance","spring borders · mixed borders · cottage gardens · specimen planting · large containers","1.5–2.5 m H × 1.5–2.5 m W","","","13","3","11","6","75","45","","","Fully hardy in the UK; RHS H6, to about -20 to -15°C","deciduous","","","",""
"0","Swiss cheese plant 'Thai Constellation'","Monstera deliciosa 'Thai Constellation'","120","Large glossy split leaves · irregular cream and yellow-white variegation · speckled like stars","Keep moist, not waterlogged","East / West","Houseplant compost; No cold or harsh sun · needs good light","Remove damaged leaves at the base; cut aerial roots only where necessary","","Jan-Dec","","","","","","","","","","","","H1c","easy indoors when warm, humid and well lit · intolerant of frost","houseplant · conservatory · heated greenhouse · tropical indoor displays","1.5–2.5 m H × 1–1.5 m W","","","13","9","13","11","55","30","Harmful if eaten · calcium oxalate irritates mouth and gut","","Tender tropical; indoors or heated protection in the UK","evergreen","","","",""
"0","Shrubby scorpion vetch","Coronilla emerus","55","Rounded shrub · arching branches · small pinnate leaves · bright yellow pea flowers","Keep moist, not waterlogged","East / South / West","Any, well-drained; Avoid permanently wet ground","Prune after flowering to shape; remove old or damaged wood","","Apr-Aug","","","","","","","","","","","syn. Hippocrepis emerus","H6","adaptable · reasonable drought tolerance once established","shrub borders · banks · wildlife planting · cottage gardens · informal hedging","1–1.5 m H × 1–1.5 m W","","","13","4","8","6","75","45","All parts may be harmful if eaten","","Hardy in most UK gardens","deciduous","","","",""
"0","Crab Apple 'Veitch’s Scarlet'","Malus 'Veitch’s Scarlet'","5","Spring blossom · small scarlet-red crab apples · bronze-flushed young leaves","Keep moist, not waterlogged","East / South / West","Any, moderately fertile; Avoid very dry and waterlogged ground","Pruning group 1; remove dead, damaged or crossing branches after flowering","","Apr-Oct","","","","","","","","","","","","H6","robust · adaptable · tolerates urban conditions","specimen tree · wildlife garden · cottage garden · small garden · ornamental fruit","2.5–4 m H × 2.5–4 m W","","","12","9","10","7","85","55","","","Hardy throughout most of the UK","deciduous","","","",""
"0","Monterey cypress 'Goldcrest'","Cupressus macrocarpa 'Goldcrest'","55","Narrow upright column · dense feathery golden-yellow foliage · lemon scent when crushed","Keep moist, not waterlogged","South / West","Any, well-drained; Avoid waterlogging · huge if left unchecked","Trim lightly in late spring or summer; never cut into old brown wood","","Jan-Dec","","","","","","","","","","","","H5","fast growing · coastal tolerant once established","hedging · screening · specimen · containers · formal gardens","2.5–4 m H × 1–1.5 m W","","","18","6","9","7","90","60","","","Reasonably hardy; wind scorch and frost damage on exposed cold sites","evergreen","","","",""
"0","Deodar cedar","Cedrus deodara","120","Soft blue-green to green needles in clusters · sweeping branches · drooping leader and tips","Keep moist, not waterlogged","South / West","Any, well-drained; Needs space · avoid wet or exposed sites","Little needed; remove dead, damaged or crossing branches in late summer","","Jan-Dec","","","","","","","","","","","","H6","robust once established · tolerates a range of well-drained soils","large gardens · specimen · parks · large landscape schemes","4 m+ H × 4 m+ W","","","14","5","9","6","90","60","","","Hardy in much of the UK; young plants can be damaged in severe exposure","evergreen","","","",""
"0","Nemesia 'Confetti'","Nemesia 'Confetti'","270","Masses of small snapdragon-like flowers · lilac with a yellow throat · fresh green mound","Keep moist, not waterlogged","East / South / West","Fertile, humus-rich; Never let it dry out · avoid waterlogging","Deadhead regularly; trim lightly if plants become untidy","","Apr-Oct","","","","","","","","","","","","H3","fast flowering · frost sensitive · dislikes drought","bedding · containers · window boxes · baskets · borders","0.1–0.5 m H × 0.1–0.5 m W","","","18","7","15","9","75","45","","","Grown as a tender annual in the UK","evergreen","","","",""
"0","Modiolastrum lateritium","Modiolastrum lateritium","15","Lobed scalloped leaves · red-edged margins · brick-red mallow flowers","Keep moist, not waterlogged","South / West","Fertile, well-drained; Protect from hard frost · avoid wet soil","Prune lightly after flowering; remove weak or damaged growth","","Jun-Aug","","","","","","","","","","","syn. Malvastrum lateritium","H3","needs a warm sheltered spot · frost tender","conservatory · greenhouse · sheltered patio · warm-climate containers","1.5–2.5 m H × 1–1.5 m W","","","14","6","12","14","80","55","","","Tender in the UK; frost protection or overwinter indoors","evergreen","","","",""
"0","Juniper 'Blue Arrow'","Juniperus virginiana 'Blue Arrow'","190","Very narrow upright column · dense blue-green scale-like foliage · architectural habit","Water until established; then little","South / West","Any, well-drained; Avoid wet soil · best colour in full sun","Little needed; remove damaged or unwanted shoots in late winter","","Jan-Dec","","","","","","","","","","","","H7","drought tolerant once established · exposed-site tolerant · very hardy","formal gardens · narrow borders · screening · architectural planting · containers · specimen","2.5–4 m H × 0.5–1 m W","","","11","4","6","4","90","60","","","Very hardy; suits exposed UK sites once established","evergreen","","","",""
"0","English shrub rose 'Summer Song'","Rosa 'Summer Song' ('Austango')","20","Vibrant coppery orange-red cups · densely petalled blooms · strong Tea fragrance","Keep evenly moist; water in dry spells","East / South / West","Moist, well-drained; Avoid prolonged drought or waterlogging","Pruning Group 21; prune in late winter","","Jun-Oct","","","","","","","","","","","trade name Summer Song; breeder denomination 'Austango'","H6","cold hardy · urban suitable","shrub borders · cottage gardens · cut flowers · containers","1.2–1.5 m H × 0.5–1 m W","","","10","12","11","9","95","72","Rose hips ornamental · not to be eaten · wear gloves when handling","PBR protected · commercial propagation restricted","RHS H6; hardy throughout the UK and northern Europe","deciduous","","","",""
"0","False acacia 'Lace Lady'","Robinia pseudoacacia 'Lace Lady'","120","Twisted zig-zag stems · curly green leaflets · yellow autumn colour","Moderate; water in dry spells","Any aspect","Moist, well-drained; Avoid waterlogging","Prune in late summer or early autumn; remove suckers","","May-Oct","","","","","","","","","","","syn. Robinia 'Twisty Baby'; Robinia pseudoacacia 'Twisty Baby'; trade name Twisty Baby","H6","drought tolerant · pollution tolerant · urban suitable","specimen · patio containers · city gardens · architectural planting","2.5–4 m H × 2.5–4 m W","","","5","6","6","6","82","50","Harmful if eaten · skin irritant","PBR protected · commercial propagation restricted","RHS H6","deciduous","","","",""
"0","Omei Mountain Balsam","Impatiens omeiana","55","Large elongated dark green leaves with pale silver veins · upright stems · small pale yellow flowers","Keep evenly damp","North / East / West","Moist, fertile, humus-rich; Never let it dry out · shelter from sun","Cut old stems to ground level after flowering or when foliage dies back","","Aug-Oct","","","","","","","","","","","","H5","cold hardy · spreads by rhizomes · needs cool, moist shade","woodland gardens · shady borders · underplanting · damp shade","0.5–1 m H × 0.5–1 m W","","","13","6","17","8","30","10","","","Hardy in much of the UK in a sheltered, moist position","deciduous","","","",""
"0","Cape mallow 'Candy Apple'","Anisodontea capensis 'Ib201-7'","0","Large deep-red flowers · crimson veining · dark central eye · soft grey-green foliage","Moderate; water in dry spells","South / West","Free-draining; Sheltered · avoid winter wet","Tip-prune young plants to encourage bushiness","","May-Dec","","","","","","","","","","","trade name CARNIVAL LIGHTS CANDY APPLE; Carnival Lights Series; cultivar code 'Ib201-7'","H3","heat tolerant · drought tolerant once established","containers · patios · borders · pollinators","80–100 cm H × 40–60 cm W","","","13","7","8","5","95","65","","","RHS H3; hardy to around -5°C in sheltered conditions","semi-evergreen","","","",""
"0","White-flowered ivy-leaved cyclamen","Cyclamen hederifolium var. hederifolium f. albiflorum","0","Pure white reflexed flowers · ivy-shaped silver-marbled leaves · autumn flowering","Moderate; allow soil to dry slightly","North / East / West","Well-drained; Avoid summer waterlogging","Remove old foliage as it dies back in summer","","Sep-Nov","","","","","","","","","","","syn. Cyclamen hederifolium 'Album'; Cyclamen hederifolium alba; Cyclamen hederifolium f. album","H5","drought tolerant once established · cold hardy · shade tolerant","woodland gardens · underplanting · rock gardens · naturalising","To 10 cm H × 15–30 cm W","","","7","6","5","4","38","18","","","Hardy through a cold UK winter, withstanding -15 to -10C.","deciduous","","","",""
"0","Decorative dahlia 'Kelvin Floodlight'","Dahlia 'Kelvin Floodlight'","55","Huge bright-yellow double blooms · broad petals · upright dark-green foliage","Keep evenly moist; water freely in dry spells","South / West","Fertile, moist, well-drained; Avoid waterlogging · shelter from strong winds","Deadhead regularly; cut back after frost and lift tubers","","Jul-Oct","","","","","","","","","","","","H3","urban suitable · heat tolerant","cut flowers · borders · containers · cottage gardens","1–1.5 m H × 50–100 cm W","","","15","12","13","9","95","70","","","RHS H3; lift and store tubers over winter","deciduous","","","",""
"0","Cape figwort 'Trewidden Pink'","Phygelius aequalis 'Trewidden Pink'","335","Dusky-pink tubular flowers · creamy-yellow throats · dark-green toothed leaves","Keep evenly moist","East / South / West","Moist, well-drained; Shelter from cold winds · protect in severe winters","Cut back to the base in late spring","","Jun-Oct","","","","","","","","","","","syn. Phygelius × rectus 'Trewidden Pink'; Phygelius 'Trewidden Pink'","H5","cold hardy · coastal tolerant · pollinator friendly","flower borders · containers · cottage gardens · wall-side borders","50–100 cm H × 50–100 cm W","","","13","7","12","5","82","48","","","RHS H5","semi-evergreen","","","",""
"0","Porcupine tomato","Solanum pyracanthos","0","Grey-green lobed leaves · vivid orange spines · purple star-shaped flowers · red fruits","Moderate; water freely during growth","South / West","Moist, well-drained; Sheltered · protect from frost","Restrictive pruning if grown under glass","","Jun-Oct","","","","","","","","","","","","H2","drought tolerant · heat tolerant","containers · conservatories · subtropical planting · summer bedding","1–1.5 m H × 0.5–1 m W","","","14","8","10","8","95","72","Inedible fruits · harmful if eaten","","RHS H2; grow outdoors only during summer and overwinter frost-free","evergreen","","","",""
"0","White Lips Bear's Breeches","Acanthus hungaricus","275","Clump-forming perennial with glossy, deeply cut dark-green leaves and tall spiny flower spikes bearing white flowers with purple hoods.","Moist but well-drained","Any aspect","Fertile, well-drained; Avoid waterlogging · spreads, hard to remove","Cut spent flower stems to the base after flowering; remove old foliage in spring.","","Jun-Aug","","","","","","","","","","","'White Lips'","H4","Drought tolerant once established; robust perennial.","Architectural border plant, cottage garden, specimen planting, pollinator planting and cut flower.","0.5-1m H × 0.5-1m W","","","17","7","11","8","65","45","","","Fully hardy in most of the UK; RHS rates H4 (-10 to -5°C).","Dark green, deeply cut; deciduous to semi-evergreen depending on conditions.","","","",""
"0","Tropical Summer Trumpet Creeper","Campsis grandiflora","25","Deciduous climbing vine with pinnate dark-green foliage and terminal clusters of bright orange trumpet-shaped flowers.","Moist but well-drained","South / West","Moist, well-drained; Warm sunny wall · poor in cold or shade","Pruning group 12; prune in late winter or early spring.","","Aug-Oct","","","","","","","","","","","'Tropical Summer'","H4","Drought tolerant once established; reasonably hardy when given a warm sheltered position.","Warm wall, climber, Mediterranean or sub-tropical planting and wildlife garden.","1.5-2.5m H × 1-1.5m W","","","15","6","10","10","90","75","","","RHS rates H4 (-10 to -5°C); best grown against a warm, sunny wall.","Deciduous; mid to dark green leaves divided into 7-9 leaflets.","","","",""
"0","Sweet Woodruff","Galium odoratum","120","Mat-forming perennial with whorls of bright green, lance-shaped leaves and clusters of small white star-shaped flowers; foliage develops a distinctive sweet hay-like scent when dried.","Moist but well-drained","North / East / West","Any moist soil; Scorches in dry sun · spreads by rhizomes","Cut back after flowering if required; remove untidy or damaged growth to maintain a neat groundcover.","","May-Jun","","","","","","","","","","","","H7","Generally robust and disease-free; tolerates some drought once established but performs best in moist woodland-type conditions.","Ground cover, woodland planting, underplanting, cottage gardens, wildlife gardens, banks and slopes.","0.1-0.5m H × 1-1.5m W","","","17","2","14","5","35","15","","","Very hardy in the UK; RHS rates it H7, hardy below -20°C.","Deciduous; bright green, lance-shaped leaves arranged in whorls, pleasantly hay-scented when dried.","","","",""
"0","Daphne 'Pink Fragrance'","Daphne × transatlantica PINK FRAGRANCE ('Blapink')","340","Sweetly scented pink flowers flushed white · deep pink buds · repeats spring to autumn","Evenly damp; never let it dry out at the root","Any aspect","Humus-rich, well-drained but not dry; Shelter from cold drying winds · resents root disturbance","Barely prune · light tidy after a flush if it is needed at all","","Apr-Oct","","","","","","","","","","","trade name PINK FRAGRANCE; cultivar 'Blapink' PBR; also listed as Eternal Fragrance Pink","H5","long flowering season · compact · all parts harmful","scented borders · entrances and paths · containers · small gardens","0.9–1.2 m H × 0.9–1.2 m W","","","7","6","12","8","60","30","All parts are harmful if eaten and the sap irritates skin. Wear gloves when handling.","PBR protected · commercial propagation restricted","H5 taken from the sibling ETERNAL FRAGRANCE ('Blafra') in the same hybrid group — see uncertain","semi-evergreen","","","",""
"0","Ninebark 'All Black'","Physocarpus opulifolius ALL BLACK ('Minall2')","280","Very dark purple to near-black leaves · pale pink-white flower clusters · peeling mature bark","Keep moist, not waterlogged","South / West","Any, fertile; Best colour in sun · water while young","Pruning group 1; remove older or congested stems after flowering","","May-Aug","","","","","","","","","","","trade name ALL BLACK; cultivar 'Minall2'; nursery label reads ALL BLACK® 'Minall2' cov","H6","very robust · tolerates a wide range of soils and conditions","mixed borders · hedging · screening · wildlife gardens · foliage contrast","1.5–2.5 m H × 1.5–2.5 m W","","","15","4","10","6","80","45","","","Hardy throughout the UK","","","","",""
"0","Knotweed 'Darjeeling Red'","Persicaria affinis 'Darjeeling Red'","350","Mat-forming foliage reddening in autumn · pink spikes maturing deep red","Moderate; keep soil moisture-retentive","Any aspect","Moist, moisture-retentive, well-drained; Can spread quickly in persistently wet soil","No routine pruning; remove spent flowers and comb out old leaves","","Jun-Oct","","","","","","","","","","","syn. Polygonum affine 'Darjeeling Red'","H7","cold hardy · coastal tolerant · drought tolerant once established","ground cover · garden edging · rock gardens · patio containers","20–25 cm H × 45–50 cm W","","","12","3","9","4","78","40","","","RHS H7","semi-evergreen","","","",""
"0","Culver's root 'Red Arrows'","Veronicastrum 'Red Arrows'","275","Red buds and stems · violet branched flower spikes · whorled foliage","Moderate; keep soil moist in dry spells","East/South/West","Moist, fertile, well-drained; Avoid prolonged drying out","Deadhead as flowers fade; cut back to ground level in winter","","Jun-Sep","","","","","","","","","","","syn. Veronicastrum sibiricum 'Red Arrows'","H7","cold hardy","herbaceous borders · cottage gardens · architectural planting · pollinator gardens","1–1.5 m H × 0.5–1 m W","","","10","8","12","6","82","45","","","RHS H7","deciduous","","","",""
"0","Compact Guelder Rose","Viburnum opulus","0","Dense, compact deciduous shrub with dark green palmately lobed leaves, flat heads of small fertile flowers surrounded by creamy-white sterile flowers, followed by bright red berries.","Moist but well-drained","North, East, South, West","Chalk, clay, loam or sand; Any pH · avoid very dry or waterlogged soil","Pruning group 1; prune after flowering if required, but avoid heavy pruning if the ornamental berries are wanted.","","May-Jun","","","","","","","","","","","'Compactum'","H6","Robust and adaptable shrub that tolerates exposed positions and a range of soils when moisture is adequate.","Shrub borders, woodland gardens, cottage gardens, wildlife gardens, hedging, informal screening and specimen planting.","1-1.5m H × 1-1.5m W","","","12","7","14","7","65","35","","","Hardy through a very cold UK winter, withstanding -20 to -15C.","Deciduous; dark green, palmately lobed leaves turning purplish-red in autumn.","","","",""
"0","Bluebeard 'Dark Knight'","Caryopteris × clandonensis","265","Compact deciduous shrub with aromatic grey-green foliage and dark reddish stems, producing dense clusters of rich deep blue-purple flowers in late summer and early autumn.","Moist but well-drained","South, West","Chalk, loam or sand; Drained; avoid winter wet; warm shelter","Pruning group 6; cut back hard in spring to a low woody framework to encourage strong new flowering growth.","","Aug-Sep","","","","","","","","","","","'Dark Knight'","H6","Drought tolerant once established and well suited to hot, sunny positions; dislikes winter waterlogging.","Flower borders, wildlife gardens, cottage gardens, Mediterranean-style planting, gravel gardens and containers.","1-1.5m H × 1-1.5m W","","","13","5","7","7","95","75","","","Fully hardy in much of the UK, though a warm sheltered position is preferable in colder areas.","Deciduous; aromatic grey-green leaves with silvery undersides.","","","",""
"0","Common Box","Buxus sempervirens","100","Dense evergreen shrub with small glossy dark green leaves, traditionally clipped into hedges and topiary.","Water during establishment and prolonged drought.","East / West","Any, moist but drained; Box blight and box tree moth","Clip hedges and topiary during the growing season as required.","","Jan-Dec","","","","","","","","","","","","H6","Cold hardy but increasingly affected by box blight and box tree moth.","Hedging, topiary, edging and formal gardens.","4–8 m H × 4–8 m W","","","6","18","8","13","45","10","Harmful if eaten; sap may irritate.","","Hardy throughout the UK, approximately -20 to -15°C.","Evergreen; small leathery dark green leaves.","","","",""
"0","Crape Myrtle 'With Love Babe'","Lagerstroemia indica WITH LOVE BABE ('Milaperl')","330","Compact deciduous shrub with attractive smooth bark, glossy foliage and showy crinkled flowers produced in dense panicles in warm summer conditions.","Moist but well-drained","South / West","Acid to neutral, drained; Needs a hot sunny spot; shelter from frost","Pruning group 1; can tolerate harder pruning if required.","","Jul-Sep","","","","","","","","","","","With Love series; trade name WITH LOVE BABE; cultivar code 'Milaperl'","H4","Best in warm sheltered sites; flowering can be poor after cool summers.","Patio, containers, Mediterranean-style gardens, wall-side borders and specimen planting.","1-1.5m H × 1-1.5m W","","","9","5","11","11","95","75","","","Hardy in milder UK areas but requires shelter and warmth.","deciduous","","","",""
"0","Astilbe 'Chocolate Shogun'","Astilbe 'Chocolate Shogun'","340","Compact clump-forming perennial with dramatic dark chocolate to bronze foliage and airy plumes of pale pink flowers.","Moist but well-drained","North / East / West","Moist humus-rich loam; Never let it dry out; hates hot dry sites","Cut back faded flower stems and old foliage after flowering or in late winter.","","Jun-Aug","","","","","","","","","","","'Chocolate Shogun'","H7","Reliable in moist shady borders; sensitive to drought.","Shady borders, woodland gardens, waterside planting, containers and cottage gardens.","0.5-1m H × 0.5-1m W","","","10","5","17","7","40","15","","","Very hardy perennial suitable for UK conditions.","deciduous","","","",""
"0","Cabbage Palm 'Torbay Dazzler'","Cordyline australis 'Torbay Dazzler'","60","Architectural evergreen palm-like plant with a tall trunk and terminal crown of sword-shaped leaves heavily striped in creamy white.","Moist but well-drained","South / West / East","Well-drained, any type; Avoid frost pockets and waterlogging","Usually requires no pruning; remove damaged leaves at the base if required.","","Jan-Dec","","","","","","","","","","","'Torbay Dazzler'","H5","Tolerant of coastal conditions and reasonably drought tolerant once established.","Architectural planting, coastal gardens, containers, borders and Mediterranean-style planting.","2.5-4m H × 1-1.5m W","","","10","6","8","5","85","45","","","Hardy in many UK gardens but best in a sheltered position.","evergreen","","","",""
"0","Boston Ivy 'Lowii'","Parthenocissus tricuspidata 'Lowii'","0","Self-clinging deciduous climber with small deeply lobed bright-green leaves that turn orange-red and purple in autumn.","Moist but well-drained","Any aspect","Fertile, well-drained; Self-clinging: check walls and masonry first","Pruning group 11; prune in early winter and trim in summer if necessary.","","Sep-Nov","","","","","","","","","","","'Lowii'","H5","Robust climber with good tolerance of sun and shade.","Walls, fences, wildlife gardens, screening and autumn foliage displays.","2.5-4m H × 1.5-2.5m W","","","15","5","10","6","60","20","Harmful if eaten; sap can irritate skin.","","Hardy throughout most UK conditions.","deciduous","","","",""
"0","White Spruce 'Echiniformis'","Picea glauca 'Echiniformis'","150","Very slow-growing dwarf evergreen conifer forming a dense, squat rounded mound with fine grey-green needles.","Moist but well-drained","East / South / West","Acid to neutral, drained; Avoid drought and waterlogging","No regular pruning required.","","Jan-Dec","","","","","","","","","","","'Echiniformis'","H7","Very hardy, compact and low maintenance once established.","Rock gardens, gravel gardens, containers, dwarf conifer collections and edging.","0.1-0.5m H × 0.5-1m W","","","4","5","9","3","90","60","","","Extremely hardy and suitable for exposed UK conditions.","evergreen","","","",""
"0","Monkey Puzzle","Araucaria araucana","120","Stately evergreen architectural tree with tiered branches densely clothed in sharply pointed triangular dark-green leaves.","Moist but well-drained","East / South / West","Well-drained, fertile; Needs space; shelter young from cold wind","Pruning group 1; generally leave unpruned except for damaged branches.","","Jan-Dec","","","","","","","","","","","","H7","Very robust and generally pest-free; tolerant of a range of well-drained soils.","Architectural specimen, large gardens and landscape planting.","Over 12m H × Over 8m W","","","8","2","9","4","85","55","","","Extremely hardy once established.","evergreen","","","",""
"0","Cape Sundew","Drosera capensis","340","Small carnivorous perennial forming rosettes of long spoon-shaped leaves covered in sticky red or pink glandular hairs that trap insects, with delicate pink flowers.","Poorly drained / permanently moist","South","Acid carnivorous compost; Rainwater only; never fertilised compost","No pruning required; remove dead flower stems and foliage if necessary.","","Apr-Oct","","","","","","","","","","","","H3","Easy carnivorous plant when kept permanently moist in acidic nutrient-poor conditions.","Carnivorous plant collections, bog gardens, terrariums, conservatories and greenhouses.","0.1-0.5m H × 0.1-0.5m W","","","12","1","20","12","90","65","","","Tender in much of the UK; grow under glass or indoors where frost is expected.","evergreen","","","",""
"0","Californian Lilac 'Cool Blue'","Ceanothus thyrsiflorus 'Cool Blue'","210","Evergreen variegated shrub with arching branches, glossy green leaves edged creamy white and clusters of small blue flowers in spring.","Well-drained","South / West","Fertile, very well-drained; Avoid waterlogging, cold winds, thin chalk","Pruning group 8; prune after flowering.","","Apr-Jun","","","","","","","","","","","'Cool Blue'","H4","Drought resistant once established and tolerant of coastal conditions.","Wall-side borders, Mediterranean planting, coastal gardens, shrub borders and wildlife gardens.","1.5-2.5m H × 1.5-2.5m W","","","15","5","6","7","95","75","","","Best in sheltered UK gardens.","evergreen","","","",""
"0","Oak-leaved Hydrangea 'Ice Crystal'","Hydrangea quercifolia 'Ice Crystal'","0","Compact rounded deciduous shrub with deeply lobed oak-like leaves and large dense upright white flower panicles that become pink tinged with age.","Moist but well-drained","Any aspect","Moist but drained loam; Keep moist in sun; improve shallow chalk","Pruning group 1; prune only lightly after flowering if required.","","Jul-Oct","","","","","","","","","","","'Ice Crystal'","H5","Reliable shrub provided soil does not dry excessively.","Shrub borders, woodland gardens, containers, cottage gardens and cut flowers.","1-1.5m H × 1-1.5m W","","","10","7","15","8","60","30","Potential skin allergen; harmful if eaten by pets.","","Hardy in most UK gardens.","deciduous","","","",""
"0","Japanese Maple 'Taylor'","Acer palmatum 'Taylor'","340","Small slow-growing deciduous tree with five-lobed leaves opening pale pink, becoming green with a distinctive white margin and turning lime green in autumn.","Moist but well-drained","East / West","Humus-rich, well-drained; Shelter from wind, hot sun and late frost","Pruning group 1; little pruning required beyond removing damaged or crossing branches.","","Apr-Oct","","","","","","","","","","","'Taylor'","H6","Reliable once established but foliage can scorch in drought, heat or exposed sites.","Patio containers, Japanese gardens, woodland planting, small gardens and specimen planting.","1.5-2.5m H × 1.5-2.5m W","","","6","6","13","8","45","20","","","Hardy throughout the UK when grown in a sheltered position.","deciduous","","","",""
"0","Panicle Hydrangea 'Pink & Rose'","Hydrangea paniculata 'Pink & Rose'","340","Deciduous flowering shrub producing large conical panicles of creamy-white flowers that mature through pink to deeper rosy tones.","Moist but well-drained","East / South / West","Humus-rich, well-drained; Keep moist in sun; never waterlogged","Pruning group 4; cut back hard in late winter or early spring to a framework of healthy buds.","","Jul-Oct","","","","","","","","","","","'Pink & Rose'","H6","Robust and reliable hydrangea; tolerates more sun than many other hydrangeas provided moisture is maintained.","Shrub borders, cottage gardens, woodland-style planting, specimen planting, cut flowers and containers.","1.5-2.5m H × 1.5-2.5m W","","","13","6","16","8","65","35","Harmful if eaten.","","Hardy throughout the UK.","deciduous","","","",""
"0","Solimutata Begonia","Begonia soli-mutata","120","Tender rhizomatous begonia grown primarily for its striking foliage, with asymmetrical heart-shaped leaves marked in silvery green, dark green and reddish tones and contrasting red undersides.","Moist but well-drained","North / East / West","Humus-rich, well-drained; No waterlogging, no harsh sun, never dry","Remove dead or damaged leaves and stems as required; pinch growing tips to maintain a compact shape.","","Jan-Dec","","","","","","","","","","","","H1c","Good indoor foliage plant when humidity, warmth and consistent moisture are maintained.","Houseplant, terrarium, conservatory and heated greenhouse.","0.1-0.5m H × 0.1-0.5m W","","","12","10","15","12","35","15","Harmful if eaten; sap may irritate the skin.","","Tender tropical plant; grow indoors or under heated protection in the UK.","evergreen","","","",""
"0","Silk Tree 'Summer Chocolate'","Albizia julibrissin 'Summer Chocolate'","330","Small deciduous tree with an open spreading crown, finely divided chocolate-purple foliage and fluffy pink powder-puff flowers in summer.","Moist but well-drained","South / West","Fertile, well-drained; Warm shelter; protect young trees from frost","Pruning group 1; little pruning required beyond removing dead, damaged or crossing branches.","","Jul-Aug","","","","","","","","","","","'Summer Chocolate'","H4","Tolerates heat and some drought once established, but young plants need protection and reliable moisture.","Specimen tree, warm sheltered borders, courtyard gardens, patio planting and exotic-style gardens.","2.5-4m H × 2.5-4m W","","","10","4","9","10","95","75","","","Borderline hardy in much of the UK; best grown against a warm sheltered wall or in a protected southern garden.","deciduous","","","",""
"0","Shrubby Germander","Teucrium fruticans","210","Small aromatic leaves, silver beneath · white woolly young shoots · pale blue flowers","Regular while establishing, then sparingly","South / West","Free-draining, alkaline OK; Heavy winter wet kills it; needs shelter","Trim in spring to shape · do not cut back into old bare wood","","Jun-Aug","","","","","","","","","","","","H3","Drought tolerant and near pest-free · cold and winter wet are the risks","Mediterranean and coastal planting · sunny borders · warm wall-side","1-1.5m H × 1-1.5m W","","","12","2","5","8","100","80","Harmful if eaten. Wear gloves and protective equipment when handling.","","Hardy in coastal and relatively mild parts of the UK, approximately -5 to 1°C. In colder areas grow against a warm sheltered wall or provide winter protection.","Evergreen; small aromatic dark green leaves with conspicuously silvery-white undersides.","","","",""
"0","Tree Mallow 'Rosea'","Malva × clementii 'Rosea'","335","Grey downy leaves and stems · large soft pink mallow flowers all summer","Water while establishing · sparingly after that","South / West","Well-drained, any pH; Winter wet is what kills it","Cut hard back in spring to a low permanent framework","","Jun-Sep","","","","","","","","","","","Rosea","H5","Fast and very free-flowering · shrubby mallows are often short-lived","Sunny borders · cottage gardens · pollinators · fast summer colour","1.5-2.5m H × 1.5-2.5m W","","","18","5","8","7","95","75","","","Hardy in most UK locations, approximately -15 to -10°C; shelter from severe cold winds is beneficial.","semi-evergreen","","","",""
"0","Walberton’s Silver Dormouse","Brachyglottis Walberton’s Silver Dormouse ('Walbrach')","55","Dense mound of bright silver felted leaves · yellow daisies above it in summer","Water while establishing, then sparingly","South / West","Any free-draining soil; Winter wet at the roots is the killer","Light trim after flowering keeps it dense and compact","","Jun-Aug","","","","","","","","","","","Walbrach","H4","Evergreen and drought tolerant · earns its place on hot dry ground","Coastal and gravel gardens · sunny borders · pots · silver schemes","0.5-1m H × 1-1.5m W","","","10","2","6","5","95","75","","","Hardy through most of the UK, approximately -10 to -5°C; shelter is beneficial in colder districts.","evergreen","","","",""
"0","Siberian Bugloss 'Jack Frost'","Brunnera macrophylla 'Jack Frost'","210","Shade perennial with heart-shaped silver leaves intricately veined green and sprays of tiny vivid blue spring flowers.","Keep moist during establishment and dry periods.","North / East","Humus-rich, moist, drained; Sun and dry soil scorch the foliage","Remove tired foliage and spent flower stems as required.","","Mar-May","","","","","","","","","","","'Jack Frost'","H6","Very hardy and generally trouble-free.","Shade borders, woodland planting and ground cover.","0.1–0.5 m H × 0.5–1 m W","","","12","2","13","4","25","5","","","Hardy throughout the UK, approximately -20 to -15°C.","Herbaceous; silver heart-shaped leaves with green veins.","","","",""
"0","Golden Creeping Jenny","Lysimachia nummularia 'Aurea'","55","Dense carpet of trailing stems in rounded gold-green leaves · small yellow cups","Never let it dry out · thrives in wet ground","East / South / West","Moist, humus-rich, any pH; Roots as it runs · will swamp small plants","Cut back the running stems whenever it outgrows its patch","","Jun-Aug","","","","","","","","","","","Aurea","H6","Very hardy and vigorous · establishes fast wherever it stays damp","Ground cover · pond margins and bog gardens · banks · trailing from pots","0.1-0.5m H × 1-1.5m W","","","18","3","17","4","60","30","","","Hardy throughout the UK and northern Europe, approximately -20 to -15°C.","semi-evergreen","","","",""
"0","Abelia 'Sparkling Silver'","Abelia × grandiflora 'Sparkling Silver'","330","Cream-edged leaves, new growth flushed pink · fragrant pale tubular flowers","Regular at first · then only in long dry spells","South / West","Fertile, drained, any pH; Cold wet sites set it back · shade dulls it","Light trim after flowering · take out some old stems to renovate","","Jul-Oct","","","","","","","","","","","Sparkling Silver","H5","Robust and drought tolerant once established · wants a warm sheltered spot","Sunny borders · patio pots · courtyard gardens · low informal hedging","0.5-1m H × 0.5-1m W","","","10","3","7","6","90","70","","","Hardy in most UK locations, approximately -15 to -10°C, but benefits from shelter in colder or exposed areas.","semi-evergreen","","","",""
"0","Pieris 'Mountain Fire'","Pieris japonica 'Mountain Fire'","0","Fiery red new leaves ageing coppery then dark glossy green · creamy urn flowers","Keep it evenly damp · never standing wet","East / South / West","Humus-rich, acidic, moist; Ericaceous only · no chalk; wet roots rot","Little needed · take out dead or damaged wood after flowering","","Mar-May","","","","","","","","","","","Mountain Fire","H5","Hardy and long-lived in acid ground · lime and wet roots are the risks","Ericaceous and shrub borders · woodland and courtyard gardens · pots","2.5-4m H × 2.5-4m W","","","8","6","13","8","55","30","Harmful if eaten. Harmful to pets if eaten. Wear gloves and protective equipment when handling.","","Hardy in most places throughout the UK, approximately -15 to -10°C. Young plants may benefit from winter protection.","evergreen","","","",""
"0","Rudbeckia 'Fireball'","Rudbeckia 'Fireball'","25","Double gold petals with a broad mahogany base · near-black central cone","Regular at first · water through dry spells","South / West","Moist, drained, any pH; No waterlogging · shade costs it flowers","Deadhead often · leave the seed heads for birds, cut back in spring","","Jul-Oct","","","","","","","","","","","Fireball","H4","Robust and easy in a sunny spot with enough moisture","Sunny borders · prairie and wildlife planting · pots · cut flowers","0.5-1m H × 0.5-1m W","","","15","5","12","5","95","75","","","Hardy through most of the UK, approximately -10 to -5°C. Good winter drainage improves reliability.","deciduous","","","",""
"0","Persian Ironwood","Parrotia persica","15","Flaking bark · crimson flower clusters on bare winter branches · blazing autumn","Water while young; tolerates moderate summer dryness","East / South / West","Any drained soil, lime OK; Spreads wide — allow real width","Little needed · build the framework while young","","Feb-Nov","","","","","","","","","","","","H6","long-lived, hardy and lime tolerant · low maintenance","autumn colour · multi-stems · chalk-tolerant specimen trees","4-8m H × 4-8m W","","","7","4","9","4","75","40","","","Very hardy throughout UK gardens.","deciduous","","","",""
"0","White Gaura 'Papillon'","Oenothera lindheimeri PAPILLON ('Nugaupapil')","0","Slender stems dancing with small white butterfly flowers for months","Regular at first · copes with short dry spells","East / South / West","Drained, chalk to sand; Heavy winter wet is the killer","Cut spent stems for more flowers · take old growth down in spring","","May-Sep","","","","","","","","","","","Nugaupapil","H4","Long-flowering and relatively drought tolerant once established","Sunny borders · gravel and prairie planting · wildlife · pots","0.1-0.5m H × 0.1-0.5m W","","","14","4","8","5","85","55","","","Hardy through most of the UK, approximately -10 to -5°C, where winter drainage is good.","deciduous","","","",""
"0","Silver Leaf Cineraria","Jacobaea maritima","0","Deeply cut leaves under dense white felt · almost white in the border","Moderate at first · let it dry between waterings","South / West","Drained, chalk to sand; Cold wet winters rot it","Trim untidy growth · take the flower stems off to keep it silver","","Mar-Oct","","","","","","","","","","","","H3","Drought and coastal tolerant but dislikes cold wet winters","Bedding · edging · pots · coastal planting · silver schemes","0.5-1m H × 0.5-1m W","","","14","4","5","5","95","75","Potentially harmful if eaten; sap may irritate sensitive skin.","","Hardy in coastal and relatively mild UK locations, approximately -5 to 1°C; often treated as seasonal bedding in colder areas.","semi-evergreen","","","",""
"0","Patio Rose FLIRT 2011","Rosa FLIRT 2011 ('Korchakon')","340","Clusters of small semi-double pink flowers, fading paler as they age","Water regularly in growth · pots dry out fast","South / West","Fertile, humus-rich, moist; In pots: feed and water it or it sulks","Cut back in late winter to a low framework · deadhead all season","","Jun-Oct","","","","","","","","","","","Korchakon","H6","Bred as a compact, repeat-flowering and disease-resistant miniature rose","Patio pots · containers · front of borders · small gardens","0.3-0.5m H × 0.3-0.5m W","","","12","8","12","9","90","60","","","Cold-hardy rose; container-grown plants are more exposed to winter freezing than plants in open ground.","deciduous","","","",""
"0","Heuchera 'Paris'","Heuchera 'Paris'","345","Silvered leaves veined dark green · slender sprays of rose-pink bells","Keep it evenly damp, especially while young","East / West","Moist, drained, any pH; Wet soil rots the crown","Pull tatty leaves through the year · tidy the clump in spring","","May-Aug","","","","","","","","","","","Paris","H6","Hardy, compact and long-flowering in suitable well-drained soil","Borders · shade planting · edging · woodland gardens · pots","0.1-0.5m H × 0.1-0.5m W","","","10","7","11","5","55","30","","","Hardy throughout the UK and northern Europe.","evergreen","","","",""
"0","Cushion Bush","Leucophyta brownii","0","A tangle of silver-white wiry stems · reads like silver coral","Moderate water · let it drain sharply","South / West","Gritty, sharp, alkaline OK; Winter wet kills it outright","Pinch the tips to bush it out · never cut into old wood","","Jan-Dec","","","","","","","","","","","","H3","Drought tolerant and pest-free · wet winters and hard frost end it","Pots · coastal and gravel gardens · bedding · silver schemes","0.5-1m H × 0.5-1m W","","","10","2","5","8","100","80","","","Hardy only in coastal and relatively mild UK locations, approximately -5 to 1°C.","evergreen","","","",""
"0","Umbellate Yarrow","Achillea umbellata","0","Cushions of fine silver-grey leaves under clusters of small white flowers","Water while establishing, then sparingly","South / West","Free-draining, lime OK; Heavy wet clay and winter wet finish it","Tidy the cushion in spring · deadhead for a second flush","","Jun-Aug","","","","","","","","","","","","H7","Exceptionally cold hardy and tolerant of exposed sunny positions","Rock and gravel gardens · alpine planting · edging · sunny pots","0.1-0.5m H × 0.1-0.5m W","","","8","4","5","4","100","80","","","Extremely hardy, tolerating below -20°C where drainage is suitable.","semi-evergreen","","","",""
"0","Fragrant Sweet Box","Sarcococca ruscifolia","0","Glossy dark leaves · tiny cream winter flowers you smell before you see","Moderate while young · takes dry shade after","North / East","Humus-rich, moist, drained; Avoid prolonged waterlogging","Little needed · light trim after flowering if it outgrows its spot","","Dec-Feb","","","","","","","","","","","","H5","Takes shade, dry shade, pollution and a good deal of neglect","Shade gardens · winter scent · ground cover · banks and slopes","0.5-1m H × 0.5-1m W","","","7","2","9","3","20","5","Fruit is ornamental and should not be eaten. Wear gloves when handling.","","Hardy in most UK locations, approximately -15 to -10°C.","evergreen","","","",""
"0","Cotton Lavender 'Lambrook Silver'","Santolina chamaecyparissus 'Lambrook Silver'","55","Aromatic silver-grey filigree foliage · bright yellow button flowers","Water while establishing, then sparingly","South / West","Poor, drained, lime OK; Rich or wet ground makes it flop and rot","Trim after flowering to keep it dense · never into old bare wood","","Jul-Aug","","","","","","","","","","","Lambrook Silver","H5","Drought resistant, evergreen and generally pest-free","Gravel and rock gardens · Mediterranean planting · edging","0.5-1m H × 0.5-1m W","","","10","2","4","5","100","80","","","Hardy in most UK locations, approximately -15 to -10°C, where drainage is good.","evergreen","","","",""
"0","Golden Cottonwood","Cassinia fulvida","45","Golden-downy young shoots over tiny dark leaves · small white flower heads","Water while establishing, then moderately","South / West","Fertile, well-drained loam; Wet feet will see it off","None needed · take out damaged or unwanted growth","","Jun-Aug","","","","","","","","","","","","H5","Pest- and disease-free · stands up to exposed coastal sites","Coastal gardens · low-maintenance borders · rock gardens","1.5-2.5m H × 1.5-2.5m W","","","11","2","6","5","95","75","","","Hardy in most UK locations, approximately -15 to -10°C.","evergreen","","","",""
"0","Silver-Margined Holly","Ilex aquifolium 'Argentea Marginata'","0","Glossy spiny leaves boldly edged cream, pink-flushed when young","Regular while establishing · fairly tough after","East / South / West","Any drained soil; Avoid prolonged waterlogging","Little needed · clip hedges and shapes in late spring or summer","","Jan-Dec","","","","","","","","","","","Argentea Marginata","H6","Extremely hardy and evergreen · shrugs off exposure once settled","Specimen tree · screening · hedging · wildlife planting · winter interest","12m+ H × 4-8m W","","","8","7","8","6","65","35","Berries are ornamental and should not be eaten. Spiny foliage can cause physical injury.","","Hardy throughout the UK and northern Europe.","evergreen","","","",""
"0","Magnolia 'Cameo'","Magnolia 'Cameo'","330","Upright tulip flowers, deep pink outside and pale blush within","Regular while establishing and in long droughts","East / South / West","Fertile, humus-rich, moist; Late frost and exposure spoil the flowers","Barely any · take out damaged or crossing wood in summer","","Mar-May","","","","","","","","","","","Cameo","H5","Cold-hardy and compact · the flower buds still fear a late frost","Small gardens · specimen planting · courtyards · large containers","3m H × 1-1.5m W","","","8","5","11","8","75","50","","","Hardy in most UK locations; breeder information reports tolerance to approximately -22°C, though exposed sites can damage flowers.","deciduous","","","",""
"0","Clematis 'Nelly Moser'","Clematis 'Nelly Moser'","310","Large pale pink flowers with deep pink bars · late spring/summer","Keep the roots cool and steadily moist","East / South / West","Fertile, humus-rich, moist; Shade the roots, never let them bake","Group 2 · light prune in late winter to fat buds","","May-Jun, Aug-Sep","","","","","","","","","","2L, 3L","Nelly Moser","H6","Reliable once the roots are cool and never dry out","Trellis · fences · pergolas · obelisks · through shrubs","2-4m H × 1-1.5m W","","","14","7","13","9","60","35","Harmful if eaten and may irritate skin.","","Hardy throughout the UK and northern Europe.","","","","",""
"0","Beautyberry 'Profusion'","Callicarpa bodinieri 'Profusion'","280","Tight clusters of vivid violet-purple berries packed along bare stems","Regular while establishing and in long droughts","East / South / West","Fertile and well-drained; Shade costs you the berries","Prune in late winter · thin the older stems when it crowds","","Sep-Nov","","","","","","","","","","","Profusion","H6","Very hardy and generally pest-free","Autumn berries · mixed shrub borders · cottage gardens · cutting","2.5-4m H × 1.5-2.5m W","","","12","2","9","5","70","40","Fruit is ornamental and should not be eaten. Wear gloves when handling.","","Hardy throughout the UK and northern Europe, approximately -20 to -15°C.","deciduous","","","",""
"0","Spindle 'Microphyllus Albovariegatus'","Euonymus japonicus 'Microphyllus Albovariegatus'","90","Small, dense, bushy evergreen shrub with an upright habit and unusually tiny dark green leaves neatly margined creamy white, creating a fine-textured variegated appearance.","Water regularly during establishment.","East / South / West","Any soil, well-drained; Avoid waterlogging; shade dulls the cream","Prune as required to maintain shape and density. Remove damaged, reverted or unwanted shoots.","","Jan-Dec","","","","","","","","","","","'Microphyllus Albovariegatus'","H5","Hardy, evergreen and tolerant of a wide range of soils and aspects once established.","Low hedging, edging, containers, courtyard gardens, coastal gardens, ground cover and mixed borders.","0.5–1 m H × 0.5–1 m W","","","9","8","8","6","65","35","Harmful if eaten. Wear gloves and protective equipment when handling.","","Hardy in most places throughout the UK, approximately -15 to -10°C.","Evergreen; very small dark green leaves edged creamy white.","","","",""
"0","False Shamrock 'Mijke'","Oxalis triangularis 'Mijke'","290","Compact bulbous perennial forming a mound of dramatic three-part triangular leaves in rich purple to burgundy tones.","Keep moderately moist during active growth but never waterlogged.","East / West","Free-draining compost; Avoid waterlogging; dies back when dormant","No routine pruning required. Remove dead or yellowing foliage and spent flower stems as necessary.","","Jun-Aug","","","","","","","","","","","'Mijke'","H3","Easy to maintain under protected conditions and capable of entering dormancy before producing fresh growth again.","Houseplants, conservatories, greenhouse displays, patio containers, hanging baskets and sheltered summer displays.","0.1–0.5 m H × 0.1–0.5 m W","","","13","5","10","6","45","20","Oxalis contains oxalates and should not be eaten in quantity; keep ornamental houseplants away from pets prone to chewing foliage.","","RHS rates 'Mijke' H3, approximately -5 to 1°C. In the UK it is commonly grown as a houseplant or protected container plant and should be protected from hard frost.","Deciduous or seasonally dormant; clover-like leaves divided into three triangular rich purple leaflets which fold in low light and at night.","","","",""
"0","David Viburnum","Viburnum davidii","220","Deeply veined leathery dark green leaves · metallic blue-black berries on pollinated females","Maintain moderate moisture during establishment and prolonged dry periods.","East / West","Humus-rich, moist, drained; Needs a male nearby for berries","Requires little routine pruning. Remove damaged, crossing or unwanted shoots and lightly shape evergreen growth where necessary.","","Sep-Feb","","","","","","","","","","","","H5","Slow-growing, hardy evergreen with good shade tolerance, though shelter from cold drying winds is beneficial.","Ground cover, shrub borders, woodland-style planting, underplanting and low-maintenance evergreen schemes.","1–1.5 m H × 1–1.5 m W","","","7","7","11","6","55","25","Fruit is ornamental and should not be eaten. Wear gloves and protective equipment when handling.","","Hardy in most places throughout the UK, approximately -15 to -10°C.","Evergreen; leathery deep green elliptic leaves with three conspicuous longitudinal veins.","","","",""
"0","Japanese Snowball 'Popcorn'","Viburnum plicatum f. plicatum 'Popcorn'","0","Tiered horizontal branches hung with white snowball heads · red-purple autumn leaf","Regular while establishing · never let it bake dry","East / South / West","Humus-rich, moist, drained; Avoid prolonged waterlogging","Little needed · take out crossing or dead wood after flowering","","Apr-May","","","","","","","","","","","Popcorn","H6","Very hardy and adaptable once established","Specimen shrub · mixed borders · cottage gardens · autumn colour","1.5-2.5m H × 1.5-2.5m W","","","12","7","11","6","65","35","Ornamental fruits should not be eaten. Wear gloves when handling.","","Hardy throughout the UK and northern Europe, approximately -20 to -15°C.","deciduous","","","",""
"0","Chilean Myrtle","Luma apiculata","0","Large evergreen shrub or small tree with small aromatic glossy green leaves and exceptionally attractive smooth bark that peels to reveal patches of cinnamon, cream and pale brown.","Water regularly during establishment.","East / South / West","Any soil, well-drained; Young plants need shelter from hard frost","Requires little routine pruning. Remove dead, damaged or unwanted growth and lightly shape where necessary.","","Jun-Nov","","","","","","","","","","","","H4","Drought resistant once established and generally pest- and disease-free, although caution is advised where honey fungus is present.","Specimen tree, architectural shrub, Mediterranean-style gardens, courtyards, wall-side borders and large containers while young.","8–12 m H × >8 m W","","","10","2","7","6","70","40","","","Hardy through most of the UK, approximately -10 to -5°C. Young plants and specimens in colder areas benefit from shelter.","Evergreen; small broadly ovate aromatic green leaves retained throughout the year.","","","",""
"0","Common Myrtle","Myrtus communis","0","Small glossy aromatic leaves · white flowers with a boss of stamens","Regular while establishing, then moderate","South / West","Moist but well-drained; Cold drying winds scorch it","Light spring trim to shape · wall plants cut to their framework","","Jul-Oct","","","","","","","","","","","","H4","Evergreen, aromatic and pest-free · exposure and cold are the risks","Mediterranean and coastal gardens · hedging · pots · wall-side","2.5-4m H × 1.5-2.5m W","","","10","2","8","7","95","75","","","Hardy through most of the UK, approximately -10 to -5°C, but best in a warm sheltered position.","evergreen","","","",""
"0","Japanese Maple 'Orangeola'","Acer palmatum 'Orangeola'","15","Mound-forming deciduous Japanese maple with graceful arching branches and finely dissected lace-like foliage.","Keep evenly moist during establishment and water during prolonged dry periods, particularly when container grown.","East / West","Fertile, drained, acidic; Wind and dry soil scorch the lace leaf","Requires little routine pruning. Remove dead, damaged or unwanted branches during dormancy and avoid heavy pruning.","","Sep-Nov","","","","","","","","","","","'Orangeola'","H6","Very cold hardy but the fine foliage is vulnerable to wind scorch and moisture stress.","Japanese gardens, specimen planting, courtyards, rock gardens, banks, slopes and containers.","2.5–4 m H × 1.5–2.5 m W","","","8","7","12","8","55","30","","","Hardy throughout the UK and northern Europe, approximately -20 to -15°C.","Deciduous; finely cut orange-red spring leaves becoming reddish-green in summer before turning brighter orange-red in autumn.","","","",""
"0","Peony 'Tom Cat'","Paeonia lactiflora 'Tom Cat'","335","Clump-forming herbaceous peony with glossy dark green divided foliage and large, fragrant, richly coloured flowers.","Water regularly during establishment and during prolonged dry periods.","East / South / West","Deep, fertile, humus-rich; Plant the crown shallow or it won't flower","Remove spent flowers as they fade. Cut stems and foliage back to near ground level as the plant dies down in autumn.","","May-Jun","","","","","","","","","","","'Tom Cat'","H6","Very hardy, long-lived herbaceous perennial that can remain productive for decades when planted correctly and left relatively undisturbed.","Herbaceous borders, cottage gardens, mixed borders, specimen planting and cut-flower gardens.","0.5–1 m H × 0.5–1 m W","","","9","6","11","7","80","50","May cause skin irritation in pets.","","Hardy throughout the UK and northern Europe, approximately -20 to -15°C.","Deciduous herbaceous foliage; glossy dark green divided leaves emerge in spring and die completely back in autumn.","","","",""
"0","Lamb's Ear 'Silver Carpet'","Stachys byzantina 'Silver Carpet'","105","Low, vigorous evergreen carpeting perennial forming a dense mat of exceptionally soft, woolly silver-grey leaves.","Water during establishment, then only during prolonged dry periods.","South / West","Any soil, well-drained; Winter wet rots the crown","No routine pruning required. Remove damaged or untidy foliage as needed.","","Jan-Dec","","","","","","","","","","","'Silver Carpet'","H7","Exceptionally cold hardy, drought tolerant once established and effective as dense weed-suppressing ground cover, but less tolerant of prolonged winter wet.","Ground cover, gravel gardens, border edging, sensory planting, rose underplanting and sunny dry borders.","0.1–0.5 m H × 0.5–1 m W","","","15","5","5","3","95","75","","","Extremely hardy, below -20°C; RHS rates this cultivar H7.","Evergreen; dense, soft, elliptic grey-white to silver leaves up to around 10 cm long.","","","",""
"0","Garden phlox 'David'","Phlox paniculata 'David'","0","Fragrant pure-white flower panicles · tall upright stems · dark green foliage · notably good mildew resistance","Keep evenly moist, especially during dry spells","East / South / West","Fertile, moist, drained; Never let it dry out; keep air moving","Deadhead to prolong flowering; cut stems to ground in late autumn","","Jul-Sep","","","","","","","","","","","'David'","H7","Very hardy and notably resistant to powdery mildew, though leaf spot and downy mildew can occasionally occur","Herbaceous borders · cottage gardens · wildlife gardens · cut flowers · pollinator planting","1-1.2m H × 0.5-1m W","","","13","5","12","7","80","45","","","Fully hardy throughout the UK; tolerates below -20°C","Deciduous","","","",""
"0","Persian shallot","Allium stipitatum","285","Tall architectural stems · dense spherical lilac-pink flowerheads · broad grey-green basal leaves","Water during active growth if conditions are dry; reduce watering once dormant","East / South / West","Fertile, drained, any pH; Winter wet rots the bulb","No pruning required; remove spent flower stems if desired and clear foliage once it has yellowed naturally","","May-Jun","","","","","","","","","","","","H7","Very hardy and generally pest-free; may be affected by onion white rot and downy mildew","Architectural borders · gravel gardens · wildlife gardens · cut flowers · dried seedheads","1-1.5m H × 0.1-0.5m W","","","10","4","6","4","95","70","Allium species can be harmful if eaten, particularly to pets; ornamental bulbs are not for consumption","","Very hardy; tolerates temperatures below -20°C","Deciduous","","","",""
"0","Chocolate mint","Mentha × piperita f. citrata 'Chocolate'","275","Dark green aromatic leaves · purple-tinged stems and young growth · small pale lilac-white summer flowers","Keep consistently moist during active growth","East / South / West","Fertile, moist, drained; Runners take over; confine it to a pot","Harvest regularly; cut back after flowering and remove old stems in autumn or early spring","","Jun-Sep","","","","","","","","","","","'Chocolate'","H6","Very vigorous and hardy; may occasionally suffer rust, powdery mildew or mint beetle","Culinary herb · tea · containers · herb gardens · pollinator planting","0.5-1m H × 0.5-1m+ W","","","18","6","14","4","65","30","","","Fully hardy throughout the UK, approximately -20 to -15°C","Deciduous","","","",""
"0","Tricolor sage","Salvia officinalis 'Tricolor'","280","Grey-green aromatic leaves irregularly edged cream · young foliage flushed pink-purple · pale blue summer flowers","Water while establishing; drought tolerant once established","South / West","Any, free-draining; Winter wet kills it, not the cold","Trim lightly in spring and cut back spent flower spikes after flowering; avoid cutting deeply into old bare wood","","May-Aug","","","","","","","","","","","'Tricolor'","H5","Drought tolerant once established but vulnerable to winter wet, root rots and occasional leaf pests","Culinary herb · herb gardens · gravel gardens · containers · Mediterranean planting","0.5-1m H × 0.5-1m W","","","8","6","6","5","95","80","","","Hardy in most UK gardens, approximately -15 to -10°C","Evergreen","","","",""
"0","Compact marjoram","Origanum vulgare 'Compactum'","320","Low aromatic green mound · tiny leaves · loose sprays of purple-pink flowers","Water while establishing; relatively drought tolerant once established","East / South / West / North","Well-drained, alkaline; Rots where the ground stays wet","Cut old flowered stems back in early spring","","Jul-Sep","","","","","","","","","","","'Compactum'","H5","Hardy, drought tolerant and generally disease-free; leafhoppers may occasionally occur","Culinary herb · edging · rock gardens · gravel gardens · containers · pollinator planting","0.1-0.2m H × 0.2-0.5m W","","","9","4","5","3","90","50","","","Hardy in most UK gardens, approximately -15 to -10°C","Deciduous","","","",""
"0","Golden-twig dogwood","Cornus sericea 'Flaviramea'","55","Bright yellow-green winter stems · green summer leaves turning orange-red · small creamy-white flowers and pale berries","Water during establishment and prolonged dry weather","East / South / West","Any, moist but drained; Young stems carry the winter colour","For brightest winter stems, cut established plants hard to near ground level in early spring","","Nov-Mar","","","","","","","","","","","'Flaviramea'","H7","Very hardy and generally pest-free; may occasionally suffer cornus anthracnose or honey fungus","Winter-interest borders · mass planting · informal hedging · waterside planting","1.5-2.5m H × 2.5-4m W","","","13","5","10","4","80","45","","","Extremely hardy, tolerating below -20°C","Deciduous","","","",""
"0","Weigela 'Red Prince'","Weigela 'Red Prince'","355","Compact green-leaved shrub · masses of vivid red tubular flowers · rounded bushy habit","Water while establishing and during prolonged dry spells","East / South / West / North","Fertile, moist, drained; Bone-dry or boggy soil costs you flowers","Prune after flowering, removing some older stems to encourage vigorous replacement shoots","","May-Jun","","","","","","","","","","","'Red Prince'","H6","Easy and robust; may occasionally suffer capsid bug, scale or honey fungus","Shrub borders · informal hedging · cottage gardens · wildlife gardens","1-1.5m H × 1-1.5m W","","","10","6","9","4","85","35","","","Fully hardy throughout the UK, approximately -20 to -15°C","Deciduous","","","",""
"0","Orange garden mum","Chrysanthemum × morifolium Garden Mum Group","25","Dense rounded mound · masses of orange autumn flowerheads · dark green lobed foliage","Keep evenly moist while actively growing and flowering","East / South / West","Fertile, moist, drained; Winter hardiness varies by cultivar","Deadhead faded flowers; cut old stems down after flowering or in early spring","","Sep-Nov","","","","","","","","","","","Orange retail selection","H4","Floriferous but susceptible to aphids, leaf miners, spider mites, white rust and root problems in wet soil","Autumn containers · bedding · borders · seasonal displays","0.3-0.6m H × 0.3-0.6m W","","","14","10","11","8","95","75","May cause skin irritation in sensitive people; ornamental plant not intended for consumption","","Many garden mums tolerate normal UK winters in free-draining sheltered ground, but cultivar hardiness varies","Deciduous","","","",""
"0","Skimmia 'Mystic Marlot'","Skimmia japonica 'Mystic Marlot'","345","Compact grey-green evergreen foliage edged silver · cream buds deepening red through winter · fragrant pink-flushed white spring flowers","Keep moderately and consistently moist, particularly in containers","East / North / West","Humus-rich, moist, acidic; Dry lime yellows it; strong sun scorches","Minimal pruning; remove damaged or badly placed shoots after flowering","","Oct-Apr","","","","","","","","","","","'Mystic Marlot'","H5","Reliable shade evergreen; may suffer scale insects, container vine weevil, Phytophthora or honey fungus","Shade borders · woodland gardens · winter interest · containers · low evergreen structure","0.5-0.7m H × 0.5-1m W","","","6","6","10","6","30","10","Skimmia fruit is ornamental and should not be eaten","Protected by Plant Breeders' Rights; commercial propagation requires authorisation","Hardy in most UK gardens, approximately -15 to -10°C","Evergreen","","","",""
"0","Checkerberry Big Berry","Gaultheria procumbens 'Gaubi'","0","Low evergreen carpet · glossy aromatic leaves turning reddish in winter · white-pink bells followed by oversized scarlet berries","Keep consistently moist but not waterlogged","East / North / West","Humus-rich, acid, drained; Lime kills it; ericaceous compost in pots","Little pruning needed; trim unwanted spreading shoots if required","","Aug-Feb","","","","","","","","","","","Big Berry ('Gaubi')","H5","Generally pest-free and hardy; may be susceptible to honey fungus where present","Groundcover · woodland gardens · winter containers · edging · shade planting","0.1-0.15m H × 0.5-1m W","","","7","3","11","6","25","5","Fruit is ornamental and should not be eaten","","Hardy in most UK gardens, approximately -15 to -10°C","Evergreen","","","",""
"0","Christmas cherry","Solanum pseudocapsicum","20","Compact glossy evergreen foliage · small white starry flowers · long-lasting orange to scarlet spherical fruits","Keep evenly moist during active growth; reduce slightly in winter","East / South / West","Loam-based, fertile, moist; Frost kills it; keep it under glass","Pinch or trim shoots to maintain compact shape","","Sep-Jan","","","","","","","","","","","","H2","Best treated as a cool houseplant or seasonal pot plant; vulnerable to common glasshouse pests","Houseplants · conservatories · seasonal autumn and winter displays","0.1-0.5m H × 0.1-0.5m W","","","14","8","10","8","80","50","Fruit and other plant parts are harmful if eaten","","Tender; tolerate only about 1-5°C and should be protected from frost","Evergreen","","","",""
"0","Pink Persian cyclamen","Cyclamen persicum","330","Heart-shaped silver-marbled leaves · upswept vivid pink flowers · compact rounded habit","Water moderately while actively growing, preferably from below; reduce watering during dormancy","East / West","Humus-rich, free-draining; Frost, dry air and a wet crown kill it","No pruning required; remove dead flowers and leaves cleanly from the base","","Oct-Mar","","","","","","","","","","","Pink retail selection","H1c","Long flowering in cool bright conditions but vulnerable to frost, vine weevil, grey mould and root rot","Houseplants · conservatories · cool porches · seasonal containers","0.1-0.2m H × 0.1-0.3m W","","","7","9","9","10","45","25","Tubers and other parts are ornamental and should not be eaten","","Tender in UK conditions; ideally maintained above about 5°C","Deciduous","","","",""
"0","Sawara cypress 'Baby Blue'","Chamaecyparis pisifera 'Baby Blue'","195","Compact broadly conical conifer · soft silver-blue tufted foliage · fine architectural texture","Water regularly while establishing and during prolonged drought","North / East / South / West","Moist but drained, acidic; Chalk and standing water both check it","No routine pruning required; avoid cutting back into old brown wood","","Jan-Dec","","","","","","","","","","","'Baby Blue'","H5","Slow-growing and robust; may suffer aphids, juniper scale, shoot-boring moths or Phytophthora","Conifer beds · structural planting · mixed borders · specimen planting · large containers","2.5-4m H × 2.5-4m W","","","5","6","9","4","90","70","Foliage may irritate the skin when handled","","Hardy in most UK gardens, approximately -15 to -10°C","Evergreen","","","",""
"0","Daisy bush","Olearia × haastii","0","Dense evergreen grey-green foliage · masses of small white daisy flowers with yellow centres · compact rounded habit","Water during establishment; moderately drought tolerant once established","East / South / West","Any soil, well-drained; Waterlogging and hard inland frost","Trim after flowering or in spring to maintain shape","","Jul-Aug","","","","","","","","","","","","H4","Tough, wind and salt tolerant evergreen well suited to coastal gardens","Coastal hedging · evergreen structure · shrub borders · wind-resistant planting","1.5-2m H × 1.5-2m W","","","11","4","7","4","90","60","","","Generally hardy through much of the UK, approximately -10 to -5°C, especially in coastal or sheltered sites","Evergreen","","","",""
"0","Viola White Babyface","Viola Babyface Series 'White'","0","Compact mound · small bright white viola flowers · contrasting dark central face · fresh green foliage","Keep evenly moist but not waterlogged","East / South / West","Fertile, humus-rich, moist; Heat stops it; wet winter soil rots it","Deadhead regularly and lightly trim tired plants to encourage new flowers","","Sep-May","","","","","","","","","","","Babyface White","H5","Tough cool-season bedding plant but susceptible to slugs, aphids and fungal leaf problems","Bedding · containers · hanging baskets · edging · winter and spring displays","10-20 cm H × 15-25 cm W","","","12","9","11","5","65","30","","","Generally frost hardy as a cool-season viola in UK gardens","Evergreen","","","",""
"0","Heather 'Fluffy'","Calluna vulgaris 'Zilly'","300","Dense compact heather · unusually soft silvery-grey foliage · lavender-purple late-summer flowers","Water while establishing and keep containers from drying completely","East / South / West","Acid, humus-rich, drained; Lime-hating; use ericaceous compost","Lightly trim immediately after flowering without cutting into old bare wood","","Aug-Oct","","","","","","","","","","","Fluffy ('Zilly')","H5","Cold tolerant and low maintenance when grown in acidic freely drained soil","Heather gardens · acid borders · containers · winter foliage · groundcover","0.3-0.5m H × 0.4-0.6m W","","","7","5","9","6","90","70","","","Hardy in most UK gardens","Evergreen","","","",""
"0","Aster 'Alpha Light Purple'","Aster 'Alpha Light Purple'","270","Low uniform dome · masses of pale violet-lilac daisies · bright yellow centres · green foliage","Water during prolonged dry periods and keep newly planted specimens evenly moist","East / South / West","Fertile, moist, drained; Avoid ground that stays wet for long","Deadhead after flowering and cut old stems down when dormant","","Aug-Oct","","","","","","","","","","","'Alpha Light Purple'","H6","Generally robust; maintain airflow to reduce mildew risk","Autumn borders · containers · edging · pollinator planting","0.3-0.4m H × 0.3-0.4m W","","","10","7","9","4","85","50","","","Expected to be fully hardy in normal UK garden conditions","Deciduous","","","",""
"0","Silk tassel 'James Roof'","Garrya elliptica 'James Roof'","90","Large glossy dark evergreen leaves · extremely long silvery grey-green winter catkins · architectural upright habit","Water during establishment and prolonged drought","North / East / South / West","Any soil, well-drained; Cold inland wind scorches the leaves","Minimal pruning; remove damaged or straggly growth in spring after the catkin display","","Dec-Mar","","","","","","","","","","","'James Roof'","H4","Generally pest-free; occasional leaf spot or honey fungus possible","Architectural shrub · winter interest · wall-side planting · coastal gardens · screens","2.5-4m H × 2.5-4m W","","","9","3","6","5","75","45","","","Hardy through much of the UK to approximately -10 to -5°C but benefits from shelter","Evergreen","","","",""
"0","Seven son flower","Heptacodium miconioides","0","Multi-stemmed shrub or small tree · peeling tan bark · fragrant creamy-white late-summer flowers · persistent pink-red calyces","Water during establishment and prolonged drought","East / South / West","Fertile, moist, drained; Warmth and shelter bring the best bark","Minimal pruning; remove lower branches if desired to expose the ornamental peeling bark","","Aug-Oct","","","","","","","","","","","","H6","Very hardy and generally pest- and disease-free once established","Specimen shrub · small tree · wildlife gardens · late pollinator planting · architectural planting","3-5m H × 2.5-4m W","","","10","2","8","4","85","55","Ingestion may cause significant discomfort","","Fully hardy throughout the UK, approximately -20 to -15°C","Deciduous","","","",""
"0","Foxy Cream foxglove","Digitalis purpurea Foxy Group","45","Compact basal rosette · upright spikes of creamy-white tubular flowers · spotted throats","Water during establishment and prolonged dry weather","East / South / West / North","Any, moist but drained; Avoid ground that stays waterlogged","Cut faded flower spikes after flowering if seed is not required","","May-Jul","","","","","","","","","","","Foxy Group, cream selection","H5","Hardy short-lived perennial or biennial; generally easy but susceptible to slugs and occasional leaf diseases","Cottage gardens · woodland edges · pollinator planting · borders · containers","0.5-0.9m H × 0.2-0.5m W","","","15","5","10","5","65","30","Highly toxic if eaten; all parts contain cardiac glycosides","","Hardy in most UK gardens, approximately -15 to -10°C","Semi-evergreen","","","",""
"0","Sweet William","Dianthus barbatus","340","Upright stems · dense flattened clusters of scented flowers · colours ranging from white and pink to deep crimson","Water during prolonged dry periods","East / South / West","Well-drained, alkaline; Waterlogged winter ground rots it","Deadhead faded flower clusters as required","","May-Jul","","","","","","","","","","","","H7","Very cold tolerant but usually short-lived; may suffer slugs, aphids, rust, mildew or Fusarium","Cottage gardens · bedding · containers · cut flowers · wildlife gardens","0.4-0.6m H × 0.2-0.4m W","","","12","7","8","5","90","70","May cause skin irritation in sensitive people","","Extremely hardy, below -20°C","Evergreen","","","",""
"0","Escallonia 'Gold Brian'","Escallonia 'Gold Brian'","335","Compact evergreen · glossy foliage · clusters of small tubular flowers","Keep moist, not waterlogged","South / West","Any, fertile, well-drained; Shelter from cold winds · avoid wet soil","Prune after flowering; remove overlong shoots and shape as required","","Jun-Aug","","","","","","","","","","","","H5","coastal tolerant once established · reasonably drought tolerant","hedging · screening · shrub borders · coastal gardens · containers","1–1.5 m H × 1–1.5 m W","","","15","5","8","6","80","55","","","Hardy in sheltered UK gardens; foliage damage in severe winters","evergreen","","","",""
"0","BeeMine Lavender Bergamot","Monarda didyma 'Balbeemav'","280","Compact, upright, clump-forming perennial with aromatic green leaves and dense whorled flower heads made up of slender tubular lavender-purple flowers, creating a shaggy crown-like appearance.","Keep consistently moist during active growth, especially during warm or dry weather.","East / South / West","Humus-rich, moist, drained; Drought brings mildew; no winter wet","Deadhead spent flowers to encourage further blooming, then cut stems down to ground level in autumn or leave seed heads for winter structure before cutting back in late winter.","","Jun-Aug","","","","","","","","","","","BeeMine Lavender ('Balbeemav'); compact BeeMine Series cultivar bred for early flowering and strong resistance to powdery mildew.","H5","Notably resistant to powdery mildew compared with many older Monarda cultivars.","Herbaceous borders, cottage gardens, prairie planting, wildlife and pollinator gardens, cut flowers and patio containers.","38–46 cm H × 30–45 cm W","","","13","6","13","6","80","45","","","Hardy in most parts of the UK, tolerating approximately -15 to -10°C when established in suitably drained soil.","Deciduous, aromatic, ovate green leaves carried on upright square stems; forms a compact herbaceous clump.","","","",""
"0","Dwarf mountain pine 'Palmeter'","Pinus mugo 'Palmeter'","85","Slow-growing broad-conical dwarf pine · dense paired green needles · distinctive cream-white tips developing on young needles in winter","Water regularly while establishing; drought tolerant once established","East / South / West","Any, free-draining sandy; Waterlogging kills it; open sun for tips","Little pruning required; shorten new spring candles if size control or denser growth is needed","","Nov-Mar","","","","","","","","","","","'Palmeter' · RHS accepted name 'Pal Maleter'","H7","Very cold hardy, drought tolerant and undemanding once established; possible pine sawfly, scale, tip blight or needle disease","Conifer beds · rock gardens · gravel gardens · winter interest · specimen planting · large containers","1-2m H × 0.6-1.5m W","","","4","6","5","3","100","75","","","Extremely frost hardy and suitable throughout the UK","Evergreen","","","",""
"0","Stonecrop 'Rose Carpet'","Hylotelephium ewersii var. homophyllum 'Rosenteppich'","340","Low trailing succulent stems · rounded grey-green fleshy leaves · domed clusters of rose-pink starry flowers","Water sparingly once established","North / East / South / West","Well-drained, alkaline; Damp heavy ground rots the crown","Cut back old flowering growth after flowering or when dormant","","Aug-Sep","","","","","","","","","","","Rose Carpet ('Rosenteppich')","H6","Highly drought tolerant and hardy; main risks are slugs, vine weevil and rot in wet soil","Rock gardens · containers · edging · gravel gardens · front of borders","0.1-0.15m H × 0.2-0.5m W","","","9","6","3","3","95","60","","","Fully hardy throughout the UK, approximately -20 to -15°C","Deciduous","","","",""
"0","Dianthus Pink Kisses","Dianthus 'Kledg12163'","340","Compact grey-green mound · fragrant double pink flowers · darker crimson-pink petal centres","Water moderately and allow the surface to dry slightly between waterings","East / South / West","Well-drained, alkaline; Heavy winter wet rots the crown","Deadhead regularly to prolong flowering","","May-Sep","","","","","","","","","","","Pink Kisses ('Kledg12163')","H6","Hardy and compact; may suffer slugs, aphids, mildew, rust or Fusarium in unsuitable conditions","Containers · edging · rock gardens · cottage gardens · cut flowers","0.2-0.4m H × 0.2-0.4m W","","","10","7","6","5","95","80","May cause skin irritation; wear gloves if sensitive","Protected cultivar; commercial propagation may require breeder authorisation","Fully hardy throughout the UK, approximately -20 to -15°C","Evergreen","","","",""
"0","Red polyanthus","Primula polyanthus","355","Compact leafy rosette · clusters of rich red flowers held above dark green crinkled foliage","Keep evenly moist and do not allow to dry out during flowering","North / East / South / West","Humus-rich, moist, drained; Hates baking dry and standing water","Deadhead faded flowers and remove damaged leaves","","Jan-Apr","","","","","","","","","","","Red retail selection","H5","Cold hardy but may suffer slugs, vine weevil, aphids, grey mould and primula leaf diseases","Winter bedding · spring containers · edging · cottage gardens","0.1-0.3m H × 0.1-0.3m W","","","10","10","12","5","55","25","Foliage may irritate sensitive skin","","Hardy in most UK gardens, approximately -15 to -10°C","Evergreen","","","",""
"0","Prickly heath mixed","Gaultheria mucronata","340","Dense evergreen foliage · tiny white bell flowers · decorative berries in white, pink, red and wine shades","Keep evenly moist, especially in containers and sunny positions","East / North / West","Moist but drained, acidic; No lime; females need a male to berry","Minimal pruning; remove unwanted suckers to restrict spread","","Sep-Feb","","","","","","","","","","","Mixed berry selections","H6","Very hardy and generally pest-free; may sucker and spread in favourable acidic soil","Autumn containers · winter interest · acid borders · woodland gardens · groundcover","0.5-1.5m H × 0.5-1.5m W","","","8","4","11","6","30","10","Fruit is ornamental and should not be eaten","","Fully hardy throughout the UK, approximately -20 to -15°C","Evergreen","","","",""
"0","Egyptian starcluster Starcluster Mix","Pentas lanceolata Starcluster Mix","330","Compact upright foliage · dense clusters of five-pointed flowers · mixed pink, red, lavender and white shades","Water regularly during warm active growth but allow good drainage","South / West","Fertile, moist, drained; Frost kills it; lift or bin in autumn","Deadhead and pinch shoots to maintain compact branching growth","","Jun-Oct","","","","","","","","","","","Starcluster Mix","H1b","Heat tolerant and long flowering but unsuitable for overwintering outdoors in the UK","Summer containers · conservatories · warm patios · pollinator displays","0.25-0.6m H × 0.25-0.5m W","","","15","8","12","9","95","75","","","Tender tropical plant requiring temperatures generally above 10°C","Evergreen","","","",""
"0","Hardy Fuchsia Alice Hoffman","Fuchsia 'Alice Hoffman'","340","Small, upright, bushy hardy fuchsia with bronze-green foliage tinged purple and abundant small semi-double flowers combining rose-pink outer parts with white, pink-veined petals.","Keep reasonably moist during active growth, particularly while flowering and when grown in containers, but allow excess water to drain freely.","East / South / West","Fertile, moist, drained; Avoid winter wet and cold drying winds","Prune in spring once new growth begins, removing dead or frost-damaged stems and cutting established shoots back to strong healthy buds as required.","","Jun-Oct","","","","","","","","","","","Alice Hoffman; compact semi-double hardy fuchsia cultivar.","H4","Reliable hardy fuchsia capable of returning from the base after winter damage, though severe frost and exposed container culture increase risk.","Flower borders, cottage gardens, courtyard planting, edging and patio containers.","50–60 cm H × 40–60 cm W","","","11","10","12","7","70","35","","","Hardy through most of the UK to roughly -10 to -5°C when established. Plant slightly deeper, mulch the root area in winter and provide shelter in colder gardens.","Deciduous bronze-green leaves with purple tinges on a compact bushy framework.","","","",""
"0","Desperados Japanese Barberry","Berberis thunbergii 'Desperados'","25","Dense, compact, broadly rounded deciduous shrub with thorny branching and unusually vivid colour-changing foliage. Small pale yellow flowers tinged red are followed by bright red berries.","Water regularly during establishment.","East / South / West","Any soil, well-drained; Dislikes waterlogging; spines injure","Little pruning is required. Remove misplaced, damaged or congested shoots and trim hedging after flowering if necessary.","","Mar-Nov","","","","","","","","","","","Neon Series; compact Polish cultivar introduced commercially in 2021.","H7","Very cold hardy, adaptable to a wide range of soils and relatively tolerant once established.","Shrub borders, colourful foliage schemes, low hedging, urban planting, wildlife gardens and containers.","60–80 cm H × 60–80 cm W","","","8","6","7","4","85","45","Berries are ornamental and should not be eaten. Stems are thorny, so wear gloves when handling or pruning.","","Extremely hardy and suitable for even very cold UK gardens.","Deciduous oval leaves with striking seasonal colour changes from orange and red to green and finally orange-red.","","","",""
"0","Alpha White Bushy Aster","Symphyotrichum dumosum 'Alpha White'","0","Compact, rounded and densely branched perennial producing masses of small white daisy-like flowers with bright yellow centres above fresh green foliage.","Water regularly while establishing and during prolonged dry weather.","East / South / West","Fertile, moist, drained; Winter wet; poor airflow brings mildew","Deadhead to keep plants tidy if required, then cut old stems down to near ground level after flowering or in late winter.","","Aug-Sep","","","","","","","","","","","Alpha White; compact white-flowered selection commonly sold within the Alpha range.","H6","Reliable hardy perennial with strong late-season flowering and good cold tolerance.","Front of borders, cottage gardens, containers, mixed perennial displays and late-season pollinator planting.","30–40 cm H × 30–40 cm W","","","12","6","10","5","80","45","","","Fully hardy through UK winters in well-drained soil, dying back before returning from the crown in spring.","Dense fresh to dark green herbaceous foliage, dying back during winter.","","","",""
"0","Pansy Rose Blotch","Viola × wittrockiana 'Rose Blotch'","335","Compact, mound-forming bedding pansy carrying broad, overlapping rose-pink flowers marked by a dark face or blotch around the flower centre.","Keep evenly moist but not saturated, watering more frequently in containers and during dry flowering periods.","East / South / West","Fertile, humus-rich, moist; Wet compost rots it; hates summer heat","Deadhead regularly to prolong flowering and trim back tired or leggy growth when necessary.","","Sep-May","","","","","","","","","","","Rose Blotch colour selection; commercial Matrix Rose Blotch also exists, but the supplied label does not identify the series.","H6","Excellent cool-season bedding performance and tolerant of frost; less resilient in sustained summer heat.","Bedding, borders, edging, window boxes, patio containers, baskets and seasonal displays.","15–20 cm H × 20–25 cm W","","","14","9","11","5","75","40","","","Very cold tolerant as a bedding pansy, although prolonged severe weather, saturated soil and exposed containers can still cause losses.","Compact green to dark green, scalloped foliage forming a low mound; usually semi-evergreen in mild conditions.","","","",""
"0","Globe Amaranth","Gomphrena globosa","315","Bushy annual with upright wiry stems, softly hairy green leaves and distinctive rounded, clover-like flower heads formed from papery coloured bracts.","Water regularly while establishing, then moderately.","South / West","Fertile, free-draining; Cold wet soil rots it; frost kills it","No formal pruning required. Deadhead or regularly cut flower stems to encourage continued flowering.","","Jul-Oct","","","","","","","","","","","Species supplied without a named cultivar.","H2","Very tolerant of summer heat and increasingly drought tolerant once established, but killed by frost.","Summer bedding, sunny borders, containers, pollinator planting, fresh cut flowers and everlasting dried flowers.","30–50 cm H × 20–30 cm W","","","14","4","8","5","95","80","","","Tender to frost in the UK and normally grown as a half-hardy annual.","herbaceous; green, opposite, oblong leaves, often softly hairy, on a bushy annual plant.","","","",""
"0","Wintersweet","Chimonanthus praecox","50","Bare winter branches studded with waxy translucent yellow flowers · dark purple-red flower centres · intense sweet fragrance","Water during establishment and prolonged dry periods","East / South","Any, moist but drained; Needs a warm sheltered wall to flower","Minimal pruning; remove damaged or misplaced shoots after flowering","","Dec-Feb","","","","","","","","","","","Species form. Notable selections include 'Luteus' and 'Grandiflorus', but the supplied plant is Chimonanthus praecox without a named cultivar.","H5","Generally pest-free and hardy once established; honey fungus is an occasional disease risk","Winter gardens · fragrant gardens · wall-side borders · specimen shrubs","2.5-4m H × 1.5-2.5m W","","","7","3","7","6","95","75","Seeds and other plant material should not be eaten","","Hardy in most UK gardens, approximately -15 to -10°C","Deciduous","","","",""
"0","Deutzia 'Mont Rose'","Deutzia × hybrida 'Mont Rose'","340","Arching deciduous shrub · abundant blush rose-pink flowers · fresh green foliage","Water regularly during establishment and prolonged dry weather","East / South / West","Fertile, moist, drained; Deep shade and wet feet both cost you","Immediately after flowering remove around one third of older flowered stems to encourage replacement growth","","May-Jun","","","","","","","","","","","'Mont Rose'","H5","Reliable and easy to grow in ordinary garden soil with relatively few serious problems","Shrub borders · cottage gardens · informal hedging · mixed planting","1.5-2m H × 1.5-2m W","","","11","4","8","4","80","45","","","Hardy in most UK gardens, approximately -15 to -10°C","Deciduous","","","",""
"0","Double Bedding Daisy","Bellis perennis","0","Double pompon daisies in pink, red or white · compact rosettes · spring colour","Keep evenly moist; water containers when the surface begins to dry.","Any aspect","Moist, well-drained; Avoid waterlogging","Deadhead to prolong flowering; cut back after flowering.","","Mar-Jun","","","","","","","","","","","'Tasso' – compact pompon flowers · 'Pomponette' – small quilled doubles · Bellissima Series – larger double pompons","H5","Generally pest-free; rust can occur; established plants tolerate cold conditions well.","Autumn and spring bedding · edging · containers · window boxes","10-15 cm H × 10-15 cm W","","","14","3","10","5","75","45","Edible petals are used as garnish, but eating large amounts of the plant may cause stomach upset; children and pets should not eat nursery-grown bedding plants.","","Hardy in most places throughout the UK, approximately -15 to -10°C.","evergreen; compact rosettes of spoon-shaped dark green leaves","","","",""
"0","Panicled Hydrangea 'Switch Ophelia'","Hydrangea paniculata 'Breg14'","340","Lacy white blooms turn rose then deep pink · exceptionally compact · long flowering","Water regularly, especially in sun and containers; do not allow the rootball to dry out.","Any aspect","Moist, well-drained; Sun needs reliably moist soil","In spring cut last year's stems back to a pair of healthy buds.","","Jun-Oct","","","","","","","","","","","This plant: 'Breg14' = (S)WITCH 'Ophelia' / POLESTAR · 'Little Lime' – compact green-white · 'Limelight' – larger lime-white panicles","H5","Hardy and reliable; may get aphids, capsid bug, hydrangea scale, vine weevil, leaf spot, mildew or Botrytis.","Patio containers · small gardens · front of borders · courtyards · cut flowers","50 cm H × 50 cm W","","","10","8","14","7","72","40","Plant material is harmful if eaten and may cause stomach upset; dogs and cats are at risk. Handling may trigger skin allergy, so wear gloves.","PBR protected: 'Breg14', CPVO EU52722; commercial propagation requires permission. UK plant passport rules apply to professional movement.","Hardy in most places throughout the UK, approximately -15 to -10°C.","deciduous; broadly oval, coarsely toothed green leaves","","","",""
"1","Common lilac","Syringa vulgaris","275","Fragrant lilac-purple panicles · heart-shaped green leaves · suckering shrub","Moderate; water in dry spells","Any aspect","Moist, well-drained; Avoid acidic or waterlogged soil","Prune immediately after flowering only if needed","","May-Jun","","","","","","","","","","","","H6","cold hardy · chalk tolerant","specimen · screening · cut flowers · cottage gardens","4–8 m H × 4–8 m W","","","9","12","9","6","92","72","","","Hardy through a very cold UK winter, withstanding -20 to -15C.","deciduous","","","",""
"1","Early Stachyurus","Stachyurus praecox","55","Drooping chains of pale yellow-green bells hang from bare red-purple shoots","Moderate; water during dry spells","East / South / West","Moist, well-drained; Shelter from cold drying winds","Prune minimally after flowering if required","","Feb-Apr","","","","","","","","","","","syn. Stachyurus japonicus","H5","generally pest free · woodland-edge suitable","woodland gardens · winter interest · shrub borders","2.5–4 m H × 1.5–2.5 m W","","","7","3","10","5","55","30","","","Hardy through a cold UK winter, withstanding -15 to -10C.","","","","",""
"1","Clematis 'Purpurea Plena Elegans'","Clematis viticella 'Purpurea Plena Elegans'","290","Double dusky purple-mauve flowers · summer/autumn","Moist, well-drained","Any aspect","Fertile, well-drained","Group 3: hard prune Feb","","Jul-Sep","","","","","","","","","","2L, 3L","Purpurea Plena Elegans","H5","Very reliable","Trellis, obelisks, through shrubs","1.5–2.5 m H × 0.5–1 m W","","","","","","","65","40","","","Hardy through a cold UK winter, withstanding -15 to -10C.","","","","",""
"1","Clematis montana var. rubens","Clematis montana var. rubens","315","Masses of pink-tinged flowers, bronze young foliage · late spring","Moist, well-drained","Any aspect","Fertile, well-drained","After flowering, can be hard pruned","","May-Jun","","","","","","","","","","2L, 3L","Rubens, Tetrarose","H5","Very vigorous","Walls, trees, large structures","8–12 m H × 4–8 m W","","","","","","","65","30","","","Hardy through a cold UK winter, withstanding -15 to -10C.","","","","",""
"1","Evergreen Clematis","Clematis armandii","200","Glossy evergreen leaves, fragrant white star flowers · early spring","Moist, well-drained","Sheltered S / W","Fertile, well-drained","After flowering if needed","","Mar-Apr","","","","","","","","","","3L, 5L","Apple Blossom, Snowdrift","H4","Good in sheltered spot","Walls, pergolas, evergreen screen","4–8 m H × 1.5–2.5 m W","","","","","","","75","45","","","Hardy through an average UK winter, withstanding -10 to -5C.","evergreen","","","",""
"1","Russian Vine","Fallopia baldschuanica","220","Vigorous twiner, frothy white flower sprays · summer/autumn","Any well-drained","Any aspect","Any, even poor","Hard prune to control","","Jul-Oct","","","","","","","","","","2L, 3L","","H5","Extremely vigorous - needs space","Covering ugly structures, quick screen","8–12 m H × 4–8 m W","","","","","","","70","35","","","Hardy through a cold UK winter, withstanding -15 to -10C.","","","","",""
"1","Vial's primrose","Primula vialii","278","Distinctive rosette-forming herbaceous perennial with upright, softly hairy, spear-shaped pale green leaves and erect flower stems topped by narrow conical spikes. The flowers open progressively from the base as vivid lilac to pinkish-purple blooms beneath a striking cap of unopened crimson-red buds, creating a miniature red-hot-poker effect.","Keep consistently moist through the growing season; water in dry spells and never let it dry out for long. Sun is only safe where moisture is reliable.","Best in partial shade on a sheltered north-, east- or west-facing aspect. It tolerates brighter and even sunny positions in cool conditions provided the soil remains consistently moist.","Deep humus-rich loam, acid; Avoid winter waterlogging","Cut spent flowering stems back after flowering. Remove dead foliage as it collapses, and divide established clumps after flowering where rejuvenation or propagation is required.","","Jun-Aug","","","","","","","","","","","","H5","Cold-hardy but somewhat less persistent than its hardiness rating suggests. Often relatively short-lived in cultivation and performs best where summers remain cool and the soil stays moist without becoming waterlogged in winter. It may self-seed where conditions suit it.","Excellent for damp woodland borders, shady herbaceous borders, pond and stream margins, moist rock gardens and mass planting.","0.4-0.6m H × 0.2-0.3m W","","","10","8","16","10","45","25","No known hazard to humans is reported by Kew.","","RHS rates Primula vialii H5, hardy in most places throughout the UK even in severe winters, approximately -15 to -10C. The foliage dies back in autumn and fresh growth emerges from the crown in spring.","deciduous","","","",""
"1","Stag's Horn Sumach","Rhus typhina","15","Velvety antler-like stems · pinnate leaves firing scarlet · crimson fruit cones","Water while young; drought tolerant once rooted","South / West","Any well-drained soil; Suckers surface metres from the plant","Little needed · remove suckers at their point of origin","","Sep-Nov","","","","","","","","","","","","H6","extremely tough · suckers freely · sap may irritate skin","autumn colour · large borders · banks · wildlife planting","4-8m H × 4-8m+ W","","","17","4","8","12","95","75","Sap may irritate sensitive skin. Wear gloves when pruning or handling cut stems.","","Very hardy throughout the UK, tolerating severe winter cold once established.","deciduous","","","",""
"1","Rodgersia 'Bronze Peacock'","Rodgersia 'Bronze Peacock'","20","Glossy veined leaflets open bronze-red · airy pink flower sprays on red stems","Keep the root zone damp right through summer","Any aspect","Deep, fertile clay or loam; Hot dry sites scorch the big leaves","Cut spent flower stems · clear collapsed leaves in autumn","","May-Aug","","","","","","","","","","","Bronze Peacock","H6","long-lived where the ground stays wet · poor in drought","damp borders · pond margins · woodland edge · bog gardens","0.5-1m H × 0.5-1m W","","","10","8","18","8","55","30","","","Fully hardy through the UK once established; foliage dies down in winter while the crown remains dormant below ground.","deciduous","","","",""
"1","Yellow Azalea","Rhododendron luteum","55","Brilliant yellow funnel flowers with a powerful sweet scent · orange autumn leaves","Even moisture; rainwater where the tap runs hard","Any aspect","Humus-rich, acidic; Ericaceous — chalk causes chlorosis","Little needed · remove dead wood after flowering","","May-Jun","","","","","","","","","","","","H6","Hardy and vigorous in suitable acidic soil and capable of naturalising where conditions suit it, which is also the reason containment is important.","contained acid borders · woodland gardens · spring fragrance","2.5-4m H × 2.5-4m W","","","12","9","13","11","65","35","All parts are poisonous if eaten and are potentially dangerous to people, pets and livestock.","Listed in Schedule 9 Part II of the Wildlife and Countryside Act 1981 in England and Wales. Do not plant or otherwise cause this species to grow in the wild, and prevent garden material from escaping into natural habitats.","Very hardy through the UK once established.","deciduous","","","",""
"1","Chusan Palm","Trachycarpus fortunei","110","Fibre-wrapped trunk · crown of big fan leaves · yellow sprays on mature plants","Regular while young; fairly drought tolerant after","East / South / West","Fertile, well-drained; Wind shreds the leaves — shelter it","Cut fully brown fronds cleanly close to the trunk","","Jan-Dec","","","","","","","","","","","","H5","hardiest common palm · takes about -15°C once established","exotic gardens · architectural specimens · urban courtyards","12m+ H × 1.5-2.5m W","","","7","4","9","7","75","40","","","One of the most reliably hardy palms for UK gardens and capable of tolerating around -15°C or below in a sheltered position once established.","evergreen","","","",""
"1","Honey Bush","Melianthus major","185","Long blue-grey pinnate leaves with sharply toothed leaflets · maroon flower spikes","Water in growth, keep much drier through winter","South / West","Fertile, sharply drained; Cold wet ground is what kills it","Cut frost-damaged stems in spring · may be cut hard","","Apr-Aug","","","","","","","","","","","","H3","fast in warmth · top growth frost-tender · not edible","exotic borders · gravel gardens · large containers","1.5-2.5m H × 1.5-2.5m W","","","13","5","12","11","95","75","Do not eat. Melianthus contains potentially toxic compounds and should be treated as an ornamental plant rather than an edible one.","","Top growth is vulnerable in cold UK winters. Established crowns often reshoot after moderate frost in sheltered gardens but require protection in colder areas.","semi-evergreen","","","",""
"1","Silver Spear","Astelia chathamica","170","Arching sword-shaped leaves with a metallic silver sheen · orange berries on females","Evenly damp, with free drainage at the crown","Any aspect","Fertile, humus-rich; Wet crowns rot in cold winters","Pull damaged leaves out at the base · never shear the clump","","Jan-Dec","","","","","","","","","","","","H3","excellent on mild coasts · frost and cold wind damage it","coastal gardens · containers · silver-foliage schemes","1-1.5m H × 0.5-1m W","","","7","3","14","10","65","35","","","Best suited to mild or sheltered UK gardens. Severe frost and cold drying winds can damage or kill exposed foliage.","evergreen","","","",""
"1","Dragon Head Bamboo","Fargesia rufa","105","Dense slender culms and narrow fresh-green leaves in an arching fountain","Regular water; containers need it constantly","Any aspect","Fertile, humus-rich loam; Clump-forming, but it still widens","Cut weak and dead culms at ground level · thin old clumps","","Jan-Dec","","","","","","","","","","","","H5","hardy and non-running · leaves roll in drought and wind","screening · hedging · containers · evergreen structure","2.5-4m H × 1-1.5m W","","","12","4","14","6","60","35","","","Hardy across most UK gardens and substantially more cold tolerant than many ornamental bamboos.","evergreen","","","",""
"1","Tamarisk 'Pink Cascade'","Tamarix ramosissima 'Pink Cascade'","335","Arching branches of tiny grey-green scales under a haze of feathery pink plumes","Water while young; drought tolerant once rooted","South / West","Clay, loam or sand; Avoid shallow chalk and wet ground","Prune in early spring — it flowers on the current year's growth","","Aug-Oct","","","","","","","","","","","Pink Cascade","H5","outstanding wind, salt and drought tolerance","coastal planting · exposed sunny gardens · late-summer colour","4-8m H × 4-8m W","","","14","4","6","7","100","85","","","Hardy through most of the UK, though young growth benefits from some protection from very cold drying winds inland.","deciduous","","","",""
"1","Pieris 'Forest Flame'","Pieris 'Forest Flame'","5","Scarlet new foliage fading through pink and cream · drooping white flower chains","Even moisture; rainwater where the tap runs hard","Any aspect","Humus-rich, acidic; Ericaceous — no chalk; shelter buds","Little needed · remove spent flowers and damaged shoots","","Mar-May","","","","","","","","","","","Forest Flame","H5","hardy in acid ground · lacebug and chlorosis are the risks · harmful if eaten","ericaceous borders · woodland gardens · containers","1.5-2.5m H × 1.5-2.5m W","","","6","11","12","10","55","35","All parts are harmful if eaten and potentially toxic to people and animals.","","Hardy across most of the UK, although young plants and fresh spring growth can be damaged in exposed frosty positions.","evergreen","","","",""
"1","Skimmia 'Rubella'","Skimmia japonica 'Rubella'","350","Deep red flower buds held all winter over glossy leaves · fragrant cream flowers","Keep evenly damp; never let pots dry out","North / East","Humus-rich, acid-neutral; Alkaline ground and hot sun yellow it","Little needed · remove damaged growth after flowering","","Nov-Apr","","","","","","","","","","","Rubella","H5","reliable in shade and containers · male clone, so no berries","winter containers · shaded borders · entrance planting","1-1.5m H × 1-1.5m W","","","5","7","13","7","35","15","Ornamental plant; do not eat any plant material.","","Hardy throughout most of the UK in a sheltered garden position.","evergreen","","","",""
"1","Black Elder 'Black Lace'","Sambucus nigra f. porphyrophylla 'Eva'","300","Finely dissected purple-black lace foliage · pink flower heads · dark berries","Water while young; adaptable once rooted","East / South / West","Most ordinary garden soils; Rich ground makes it very vigorous","Coppice hard in spring for foliage · lighter for flower and fruit","","May-Aug","","","","","","","","","","","Eva","H6","fast and adaptable · leaves, stems and unripe fruit are harmful","dark foliage contrast · mixed borders · wildlife planting","2.5-4m H × 2.5-4m W","","","18","5","10","7","80","40","Leaves, stems and unripe fruit contain potentially harmful cyanogenic compounds. Flowers and properly prepared ripe berries are the traditionally used edible parts.","","Very hardy throughout the UK.","deciduous","","","",""
"1","Dwarf Lilac 'Palibin'","Syringa meyeri 'Palibin'","285","Compact rounded bush carrying masses of fragrant lilac-pink panicles","Water while young and through long dry spells","South / West","Fertile, neutral-alkaline; Avoid wet ground and poor acid soil","Deadhead and shape straight after flowering, never later","","May-Jun","","","","","","","","","","","Palibin","H5","compact, hardy and easy · good on chalk and in towns","containers · small gardens · scent · low informal hedges","1-1.5m H × 1-1.5m W","","","6","8","10","5","95","80","","","Hardy through most UK gardens.","deciduous","","","",""
"1","Daphne 'Jacqueline Postill'","Daphne bholua 'Jacqueline Postill'","325","Intensely fragrant pink and white flower clusters in the depths of winter","Evenly damp; never waterlogged at the root","Any aspect","Fertile, humus-rich; Hates root disturbance — site it once","Barely prune · make essential cuts straight after flowering","","Jan-Mar","","","","","","","","","","","Jacqueline Postill","H4","long-lived if left alone · all parts harmful, berries worst","winter scent · entrances and paths · sheltered borders","1.5-2.5m H × 1-1.5m W","","","5","5","11","10","65","35","All parts are harmful if eaten, with the berries particularly dangerous. Sap may also irritate skin.","","Generally hardy in sheltered UK gardens but flower buds and evergreen foliage can be damaged by severe cold or exposure.","evergreen","","","",""
"1","Christmas Box","Sarcococca confusa","105","Tiny cream winter flowers with an extraordinary scent · glossy leaves · black berries","Water while young; tolerates dry shade after","North / East","Humus-rich, well-drained; Dry root-filled ground needs help","Little needed · trim or thin after flowering","","Dec-Mar","","","","","","","","","","","","H5","outstanding in dry shade · very low maintenance · berries not edible","dry shade · winter fragrance · shaded containers · doorways","1-1.5m H × 1-1.5m W","","","6","4","8","4","25","5","Berries are ornamental and should not be treated as edible.","","Hardy throughout most of the UK.","evergreen","","","",""
"1","Flowering Quince 'Crimson and Gold'","Chaenomeles × superba 'Crimson and Gold'","355","Crimson flowers with golden stamens on bare early branches · aromatic fruit","Water while young; copes with dry spells after","East / South / West","Chalk, clay, loam or sand; Thorny — keep it off narrow paths","Shorten side shoots after flowering · excellent wall-trained","","Feb-Apr","","","","","","","","","","","Crimson and Gold","H6","extremely tough · takes pruning · fruit cooks for preserves","wall training · hedging · thorny boundaries · preserves","1-1.5m H × 1.5-2.5m W","","","11","6","8","5","75","35","The hard aromatic fruit is commonly cooked for preserves; avoid eating the seeds.","","Very hardy throughout the UK.","deciduous","","","",""
"1","Beauty Bush 'Pink Cloud'","Kolkwitzia amabilis 'Pink Cloud'","335","Arching stems smothered in soft pink bells with yellow-marked throats","Water while young; little needed once rooted","East / South / West","Most well-drained soils; Needs width — do not clip it tight","Take some of the oldest flowered stems out after flowering","","May-Jun","","","","","","","","","","","Pink Cloud","H6","robust and easy · few demands once established","large shrub borders · cottage gardens · informal screens","1.5-2.5m H × 2.5-4m W","","","12","4","9","5","75","40","","","Very hardy in UK gardens.","deciduous","","","",""
"1","Deutzia 'Nikko'","Deutzia gracilis 'Nikko'","105","Low spreading mound smothered in small white starry flowers · purplish autumn tints","Water while young and through dry spells","East / South / West","Chalk, clay, loam or sand; Avoid waterlogged and very dry sites","Prune straight after flowering · thin old shoots at the base","","May-Jun","","","","","","","","","","","Nikko","H6","dependable, hardy and trouble-free","front of borders · small gardens · containers","0.5-1m H × 1-1.5m W","","","9","4","9","4","70","35","","","Very hardy throughout the UK.","deciduous","","","",""
"1","Flowering Currant 'King Edward VII'","Ribes sanguineum 'King Edward VII'","350","Hanging crimson-red flower clusters in early spring · aromatic lobed leaves","Water while young; copes with dry spells after","South / West","Chalk, clay, loam or sand; Leaves smell pungent when handled","Take older stems out at ground level after flowering","","Mar-Apr","","","","","","","","","","","King Edward VII","H6","tough and adaptable · one of the most reliable early shrubs","early pollinators · mixed hedges · shrub borders","1.5-2.5m H × 1-1.5m W","","","13","8","8","5","95","70","","","Very hardy throughout the UK.","deciduous","","","",""
"1","Calico Bush 'Ostbo Red'","Kalmia latifolia 'Ostbo Red'","345","Angular red buds open to patterned pink cups · stamens spring at a bee's touch","Even moisture; rainwater where the tap runs hard","Any aspect","Humus-rich, acidic; Strictly lime-hating — no chalk","Little needed · deadhead or lightly shape after flowering","","May-Jun","","","","","","","","","","","Ostbo Red","H5","hardy and long-lived but slow · all parts highly poisonous","ericaceous borders · woodland gardens · containers","1.5-2.5m H × 1.5-2.5m W","","","4","6","14","10","50","25","All parts are highly poisonous if eaten and can be dangerous to people, pets and livestock.","","Hardy in most UK gardens provided roots are healthy and the plant is not exposed to severe drying winds.","evergreen","","","",""
"1","Witch Alder","Fothergilla major","20","White bottlebrush spikes on bare spring branches · yellow, orange and red autumn","Keep consistently damp while establishing","Any aspect","Humus-rich, acid-neutral; Avoid chalk and prolonged drought","Minimal · remove damaged branches after flowering","","Apr-Nov","","","","","","","","","","","","H5","healthy and long-lived in acid ground · naturally slow","autumn colour · ericaceous borders · woodland edge","1.5-2.5m H × 1.5-2.5m W","","","5","5","14","7","65","35","","","Hardy throughout most of the UK.","deciduous","","","",""
"1","Himalayan Birch 'Doorenbos'","Betula utilis subsp. jacquemontii 'Doorenbos'","35","Brilliant white peeling bark · yellow autumn leaves · early spring catkins","Water well while young and through long droughts","East / South / West","Fertile, moist, drained; Cut in late summer — it bleeds","Only when needed, in late summer or early autumn","","Nov-Mar","","","","","","","","","","","Doorenbos","H7","exceptionally hardy · young trees need reliable moisture","winter bark · multi-stems · avenues · contemporary gardens","12m+ H × 4-8m W","","","10","8","10","5","80","45","","","Exceptionally hardy and suitable throughout the UK.","deciduous","","","",""
"1","Tupelo 'Wisley Bonfire'","Nyssa sylvatica 'Wisley Bonfire'","5","Glossy green leaves igniting through orange and scarlet on a conical tree","Keep reliably damp while young and in dry summers","East / South / West","Humus-rich, acid-neutral; Lime intolerant — no chalk","Minimal · shape the framework while young","","Oct-Nov","","","","","","","","","","","Wisley Bonfire","H5","cold hardy and long-lived in acid soil · poor on chalk · male, no fruit","autumn specimen tree · lawns · waterside planting","12m+ H × 4-8m W","","","6","5","15","8","75","40","","","Hardy through most of the UK once established, provided soil and moisture requirements are met.","deciduous","","","",""
"1","Paperbark Maple","Acer griseum","20","Cinnamon bark peeling in translucent papery curls · orange-scarlet autumn leaves","Water regularly while young and in dry spells","East / South / West","Fertile, acid-neutral; Cut in late summer — it bleeds","Only when necessary, in late summer","","Oct-Mar","","","","","","","","","","","","H5","hardy and long-lived but slow — damage takes years to replace","winter bark · autumn colour · small gardens · specimens","8-12m H × 4-8m W","","","4","5","10","5","70","40","","","Hardy through most UK gardens.","deciduous","","","",""
"1","Crab Apple 'Evereste'","Malus 'Evereste'","25","White blossom from red-pink buds · yellow-orange fruit hanging into winter","Water regularly while young and in long droughts","South / West","Fertile, moist, drained; Avoid waterlogging and starved ground","Remove dead and crossing wood in winter · avoid hard cuts","","Apr-Nov","","","","","","","","","","","Evereste","H6","dependable · the usual apple scab, canker and aphid risks apply","small trees · blossom · winter fruit · apple pollination","4-8m H × 4-8m W","","","10","11","10","7","90","70","Crab apples can be cooked for jelly and preserves. As with other apples, avoid eating substantial quantities of crushed seeds.","","Very hardy throughout the UK.","deciduous","","","",""
"1","Golden Rain Tree","Koelreuteria paniculata","50","Big pinnate leaves · airy yellow summer panicles · inflated papery lanterns","Water while young; drought tolerant once rooted","South / West","Well-drained, any pH; Needs summer heat and shelter to flower","Minimal · build the framework while young","","Jul-Oct","","","","","","","","","","","","H5","heat, drought and urban tolerant once established","small specimen trees · urban gardens · dry planting","8-12m H × 4-8m W","","","9","5","7","6","100","85","","","Hardy through most of the UK but performs best with summer heat and shelter.","deciduous","","","",""
"1","Honey Locust 'Sunburst'","Gleditsia triacanthos f. inermis 'Sunburst'","70","Fern-like foliage emerging brilliant gold · airy canopy casting dappled shade","Water well while young; drought tolerant after","South / West","Most drained garden soils; Allow for a full-sized tree canopy","Minimal · establish a clear framework while young","","Apr-Nov","","","","","","","","","","","Sunburst","H6","urban, heat and soil tolerant · thornless form · gall midge possible","urban trees · light shade · lawn specimens · gold foliage","8-12m H × 8-12m W","","","12","7","8","6","95","80","","","Very hardy throughout the UK.","deciduous","","","",""
"1","Japanese Wisteria","Wisteria floribunda f. multijuga","270","Extraordinarily long hanging racemes of fragrant lilac-violet pea flowers","Water regularly, especially as buds form","South / West","Fertile, moist, drained; Needs a very strong permanent support","Summer: laterals to 5-6 leaves · February: those back to 2-3 buds","","May-Jun","","","","","","","","","","","","H6","vigorous and long-lived · seeds and pods are poisonous","pergolas · arches · large walls · trained climbers","4-8m+ H × 1.5-4m+ W","","","16","8","12","14","95","65","All parts are harmful if eaten, with the seeds and pods particularly poisonous.","","Very hardy once established, though spring flowers can be damaged by late frost.","deciduous","","","",""
"1","Persian Ivy 'Sulphur Heart'","Hedera colchica 'Sulphur Heart'","70","Very large leathery leaves splashed yellow and lime through the centre","Water while young; tolerant of dryness after","Any aspect","Most fertile drained soils; Keep it out of gutters and roofs","Trim at almost any time to hold it in its allotted space","","Jan-Dec","","","","","","","","","","","Sulphur Heart","H5","robust, shade and drought tolerant · harmful if eaten · sap irritates","wall cover · shade · screening · wildlife and late nectar","4-8m+ H × 2.5-4m+ W","","","16","9","8","8","45","15","Harmful if eaten and sap may cause skin irritation or allergic dermatitis. Also potentially harmful to pets.","","Hardy throughout most UK gardens.","evergreen","","","",""
"1","Chocolate Vine","Akebia quinata","330","Five-fingered leaves · maroon spring flowers scented of vanilla and chocolate","Water while young and through long droughts","East / South / West","Most fertile drained soils; Vigorous — give it real support","Prune after flowering to contain it · renovates well","","Mar-May","","","","","","","","","","","","H6","fast, vigorous and adaptable · ripe fruit pulp is edible","pergolas · fences · scented climbers · unusual fruit","8-12m H × 8m+ W","","","17","5","10","9","70","35","The soft pulp of fully ripe fruit is edible, though the plant is primarily ornamental and the seeds are not normally eaten.","","Very hardy in UK gardens, although foliage may be more deciduous in colder conditions.","semi-evergreen","","","",""
"1","Late Dutch Honeysuckle","Lonicera periclymenum 'Serotina'","330","Red-purple tubes opening creamy yellow · strongest scent at dusk · red berries","Keep evenly damp while young and in dry summers","Any aspect","Fertile, humus-rich; Keep the roots cool and never dry","Prune lightly after flowering · renovate old plants in late winter","","Jun-Sep","","","","","","","","","","","Serotina","H6","strong and hardy · mildew and aphids when dry · berries harmful","wildlife gardens · pergolas · fences · evening scent","4-8m H × 1-1.5m W","","","14","10","11","8","65","30","Berries are harmful if eaten.","","Very hardy throughout the UK.","deciduous","","","",""
"1","Cranesbill 'Rozanne'","Geranium Rozanne ('Gerwat')","245","Months of large violet-blue flowers with darker veins over a broad spreading mound","Water while young and through long droughts","East / South / West","Most drained garden soils; Rich ground or shade makes it sprawl","Shear sprawling growth back in summer for fresh leaves and flower","","Jun-Oct","","","","","","","","","","","Gerwat","H7","exceptionally long-flowering, hardy and low maintenance · sterile","ground cover · borders · containers · pollinators","0.5-1m H × 0.5-1m W","","","15","6","12","4","75","35","","","Exceptionally hardy throughout the UK.","deciduous","","","",""
"1","Catmint 'Walker's Low'","Nepeta racemosa 'Walker’s Low'","255","Aromatic grey-green mound carrying masses of blue-violet flowers for months","Water while young; drought tolerant once rooted","South / West","Well-drained chalk or loam; Rich wet ground makes it flop","Cut back after the first flush for a second round of flower","","May-Sep","","","","","","","","","","","Walker’s Low","H7","hardy, drought tolerant and very easy · a magnet for pollinators","pollinator borders · path edging · gravel · with roses","0.5-1m H × 0.5-1m W","","","14","4","6","4","95","70","","","Exceptionally hardy throughout the UK.","deciduous","","","",""
"1","Hellebore 'Anna's Red'","Helleborus (Rodney Davey Marbled Group) Anna’s Red ('Abcrd02')","345","Cream-marbled evergreen leaves · outward-facing red-purple flowers in midwinter","Moderately damp; water containers in dry spells","Any aspect","Fertile, humus-rich; Avoid winter wet and summer drought","Take off old or spotted leaves in late winter · keep the marbled ones","","Jan-Apr","","","","","","","","","","","Abcrd02","H6","long-lived, hardy and shade tolerant · all parts harmful · sap irritates","winter containers · shaded borders · woodland edge","0.5-1m H × 0.5-1m W","","","8","8","12","6","50","20","All parts are harmful if eaten and sap may irritate skin; wear gloves when cutting foliage.","","Very hardy throughout the UK.","evergreen","","","",""
"1","Japanese Forest Grass 'Aureola'","Hakonechloa macra 'Aureola'","65","Cascading mounds of arching golden leaves striped green · reddish autumn tints","Keep consistently damp in growth; pots need regular water","Any aspect","Fertile, humus-rich; Emerges very late — do not dig it up","Leave old foliage for winter · cut to the ground in late winter","","Apr-Nov","","","","","","","","","","","Aureola","H7","long-lived and very hardy · naturally slow · emerges late in spring","shade gardens · containers · path edging · Japanese-style planting","0.1-0.5m H × 0.5-1m W","","","8","6","14","5","45","20","","","Exceptionally hardy while dormant and suitable throughout the UK.","deciduous","","","",""
"1","Tibetan Cherry","Prunus serrula","20","Small deciduous tree famed for exceptionally glossy mahogany-red peeling bark and delicate white spring blossom.","Water during establishment.","East / South / West","Fertile, moist, drained; Avoid waterlogged soil","Prune only when necessary during summer.","","Nov-Feb","","","","","","","","","","","","H6","Very hardy and generally reliable.","Winter gardens, specimen planting and small tree collections.","8–12 m H × 4–8 m W","","","10","7","8","5","80","55","Seeds and damaged foliage should not be eaten.","","Hardy throughout the UK.","Deciduous; narrow green leaves turning yellow in autumn.","","","",""
"1","Midland Hawthorn 'Paul's Scarlet'","Crataegus laevigata 'Paul’s Scarlet'","350","Small deciduous tree with a rounded crown and clusters of double deep pink-red flowers in late spring.","Water while establishing; drought tolerant once mature.","East / South / West","Any, reasonably drained; Avoid permanently wet ground","Prune in winter if structural shaping is required.","","May-Jun","","","","","","","","","","","'Paul's Scarlet'","H7","Very hardy and tolerant of exposed conditions.","Small gardens, avenues, wildlife gardens and specimen planting.","4–8 m H × 4–8 m W","","","10","8","6","6","75","40","","","Extremely hardy, below -20°C.","Deciduous; lobed dark green leaves.","","","",""
"1","Golden Chain 'Vossii'","Laburnum × watereri 'Vossii'","55","Small deciduous tree producing spectacular long hanging racemes of bright yellow pea-like flowers in late spring.","Water while establishing.","East / South / West","Any soil, well-drained; Seeds are highly toxic to children","Prune only when necessary during summer or early autumn to minimise bleeding.","","May-Jun","","","","","","","","","","","'Vossii'","H6","Cold hardy and reasonably tolerant once established.","Specimen tree, arches and pergolas.","4–8 m H × 2.5–4 m W","","","13","7","7","7","85","60","All parts, especially seeds, are highly toxic if eaten.","","Hardy throughout the UK.","Deciduous; trifoliate green leaves.","","","",""
"1","Oval-leaved Privet","Ligustrum ovalifolium","100","Dense vigorous semi-evergreen shrub with glossy oval green leaves and small creamy-white summer flowers.","Water during establishment; drought tolerant thereafter.","East / South / West","Any, reasonably drained; Berries spread it where it isn't wanted","Clip hedges repeatedly during the growing season as required.","","Jan-Dec","","","","","","","","","","","","H5","Very tolerant of pollution, clipping and difficult urban conditions.","Formal and informal hedging and screening.","2.5–4 m H × 1.5–2.5 m W","","","18","5","6","5","60","30","Leaves and berries are harmful if eaten.","","Hardy in most UK locations.","Semi-evergreen; glossy oval green leaves.","","","",""
"1","Golden Shrubby Honeysuckle","Lonicera ligustrina var. yunnanensis 'Baggesen’s Gold'","65","Dense spreading evergreen shrub with arching shoots covered in tiny golden-yellow leaves.","Water while establishing; moderate drought tolerance later.","East / South / West","Any, moist but drained; Shade turns the gold leaves green","Clip as required for hedging or shaping, preferably during the growing season.","","Jan-Dec","","","","","","","","","","","'Baggesen's Gold'","H6","Tough, adaptable and clipping tolerant.","Low hedging, topiary, foliage contrast and containers.","1.5–2.5 m H × 1.5–2.5 m W","","","15","6","7","5","75","35","Berries should not be eaten.","","Hardy throughout the UK.","Evergreen; tiny golden-yellow leaves.","","","",""
"1","Double-flowered Japanese Kerria","Kerria japonica 'Pleniflora'","50","Arching deciduous shrub with bright green stems and masses of double golden-yellow pompon flowers in spring.","Water while establishing and during prolonged drought.","East / West","Fertile, moist, drained; Suckers well beyond where you plant it","After flowering remove some old flowered stems at ground level.","","Mar-May","","","","","","","","","","","'Pleniflora'","H6","Hardy and tolerant of partial shade.","Shrub borders, informal screening and woodland edges.","1.5–2.5 m H × 1.5–2.5 m W","","","15","4","9","5","55","25","","","Hardy throughout the UK.","Deciduous; narrow toothed green leaves.","","","",""
"1","Star Magnolia","Magnolia stellata","0","Slow-growing deciduous shrub or small tree covered in starry white flowers before the leaves emerge.","Water while establishing and during prolonged drought.","East / South / West","Humus-rich, acid-neutral; Late frost browns the flower buds","Minimal pruning; remove unwanted growth after flowering.","","Feb-Mar","","","","","","","","","","","","H6","Very hardy, though flowers are frost sensitive.","Small gardens, woodland edges and specimen planting.","1.5–2.5 m H × 1.5–2.5 m W","","","7","4","11","6","65","35","","","Hardy throughout the UK.","Deciduous; oblong green leaves.","","","",""
"1","Snowball Bush","Viburnum opulus 'Roseum'","0","Large deciduous shrub producing spectacular rounded balls of sterile white flowers followed by strong autumn foliage colour.","Maintain moderate moisture, particularly during establishment.","East / South / West","Fertile, moist, drained; Shade reduces the flower heads","Prune immediately after flowering if shaping is required.","","May-Jun","","","","","","","","","","","'Roseum'","H6","Very cold hardy and adaptable.","Shrub borders, cottage gardens and specimen planting.","2.5–4 m H × 2.5–4 m W","","","14","10","12","6","65","35","Plant material may cause stomach upset if eaten.","","Hardy throughout the UK.","Deciduous; lobed green leaves turning red-purple in autumn.","","","",""
"1","Mahonia 'Charity'","Mahonia × media 'Charity'","55","Architectural evergreen shrub with large pinnate spiny leaves and long upright racemes of fragrant yellow winter flowers.","Water during establishment; reasonably drought tolerant later.","North / East","Fertile, moist, drained; Shelter from severe drying winds","Minimal pruning; remove damaged or unwanted stems after flowering.","","Nov-Feb","","","","","","","","","","","'Charity'","H5","Very shade tolerant and robust.","Woodland gardens, shady borders and winter-interest planting.","2.5–4 m H × 1.5–2.5 m W","","","11","4","8","5","35","10","Berries are not normally treated as edible garden fruit.","","Hardy in most UK locations.","Evergreen; large pinnate dark green leaves.","","","",""
"1","St John's Wort 'Hidcote'","Hypericum × hidcoteense 'Hidcote'","55","Compact bushy shrub with dark green leaves and large bright golden-yellow flowers with prominent stamens.","Water while establishing; drought tolerant later.","East / South / West","Any, moist but drained; Avoid prolonged waterlogging","Cut back moderately hard in spring to encourage vigorous flowering shoots.","","Jun-Oct","","","","","","","","","","","'Hidcote'","H5","Robust, adaptable and drought tolerant once established.","Shrub borders, banks, hedging and mass planting.","1–1.5 m H × 1–1.5 m W","","","15","3","6","4","70","35","Harmful if eaten in quantity.","","Hardy in most UK locations.","Semi-evergreen to deciduous depending on winter conditions.","","","",""
"1","Hardy Fuchsia 'Mrs Popple'","Fuchsia 'Mrs Popple'","340","Bushy deciduous shrub producing masses of red and violet-purple flowers from midsummer until autumn.","Maintain moderate moisture during active growth.","East / South / West","Fertile, moist, drained; Late frost damages new growth","Cut dead or frost-damaged shoots back to healthy growth in spring.","","Jun-Oct","","","","","","","","","","","'Mrs Popple'","H4","Reliable hardy fuchsia, often regrowing after winter dieback.","Borders, informal hedges and containers.","1–1.5 m H × 1–1.5 m W","","","15","8","12","6","65","35","","","Hardy through most of the UK with some shelter.","Deciduous; dark green leaves.","","","",""
"1","Weigela 'Bristol Ruby'","Weigela 'Bristol Ruby'","350","Vigorous arching deciduous shrub carrying abundant funnel-shaped deep ruby-red flowers in late spring and early summer.","Water while establishing and during prolonged drought.","East / South / West","Fertile, moist, drained; Shade costs you the flowers","Immediately after flowering remove some older flowered stems to the base and shorten unwanted growth.","","May-Jun","","","","","","","","","","","'Bristol Ruby'","H6","Very hardy, vigorous and easy to grow.","Shrub borders, informal hedges and cottage gardens.","1.5–2.5 m H × 1.5–2.5 m W","","","15","4","8","4","75","40","","","Hardy throughout the UK.","Deciduous; oval mid-green leaves.","","","",""
"1","Japanese Spiraea 'Goldflame'","Spiraea japonica 'Goldflame'","340","Compact deciduous shrub with bronze-red young leaves maturing golden yellow and clusters of deep pink flowers.","Water during establishment; moderately drought tolerant thereafter.","East / South / West","Any, moist but drained; Shade dulls the foliage colour","Prune hard in early spring to promote colourful new foliage and flowering shoots.","","Mar-Aug","","","","","","","","","","","'Goldflame'","H6","Very hardy and easy to maintain.","Shrub borders, low hedges, mass planting and containers.","0.5–1 m H × 0.5–1 m W","","","13","3","7","4","85","55","","","Hardy throughout the UK.","Deciduous; bronze-orange young leaves becoming yellow-green.","","","",""
"1","Hebe 'Red Edge'","Hebe 'Red Edge'","280","Compact evergreen shrub with blue-green leaves edged red, especially in colder weather, and lilac-purple flower spikes.","Water during establishment; moderate drought tolerance thereafter.","East / South / West","Any, free-draining; Cold wet winters are the killer","Lightly trim after flowering; avoid cutting deeply into old bare wood.","","Jun-Aug","","","","","","","","","","","'Red Edge'","H4","Wind and salt tolerant but vulnerable to severe cold and winter wet.","Coastal gardens, borders and containers.","0.5–1 m H × 0.5–1 m W","","","8","4","6","5","75","45","","","Hardy through most of the UK with shelter.","Evergreen; blue-green leaves with narrow reddish margins.","","","",""
"1","Firethorn SAPHYR ORANGE","Pyracantha SAPHYR ORANGE ('Cadange')","25","Compact thorny evergreen shrub with glossy leaves, white spring flowers and abundant bright orange autumn berries.","Water during establishment; drought tolerant once mature.","East / South / West","Any, moist but drained; Thorns injure; gloves when pruning","Prune after flowering while retaining flowering shoots where berries are desired.","","Sep-Nov","","","","","","","","","","","SAPHYR ORANGE ('Cadange')","H6","Robust, drought tolerant and selected for improved disease resistance.","Hedging, walls, wildlife gardens and security planting.","1.5–2.5 m H × 1.5–2.5 m W","","","13","7","6","6","70","35","Berries are ornamental and should not be eaten in quantity; thorny stems can injure.","","Hardy throughout the UK.","Evergreen; narrow glossy green leaves.","","","",""
"1","Rose GERTRUDE JEKYLL","Rosa GERTRUDE JEKYLL ('Ausbord')","335","Strongly fragrant English shrub rose producing richly glowing pink, fully double rosette-shaped flowers over a long season.","Water deeply during dry periods and establishment.","East / South / West","Fertile, humus-rich, moist; Never plant into old rose soil","Prune shrub roses in late winter; can also be trained as a short climber.","","Jun-Oct","","","","","","","","","","","GERTRUDE JEKYLL ('Ausbord')","H6","Cold hardy and vigorous with generally healthy foliage.","Rose borders, cottage gardens, fragrant planting and short climbing displays.","1–1.5 m H × 0.5–1 m W","","","14","9","11","8","80","45","Thorns can injure skin.","","Hardy throughout the UK.","Deciduous; grey-green compound foliage.","","","",""
"1","Rose ICEBERG","Rosa ICEBERG ('Korbin')","0","Classic floribunda rose producing large clusters of lightly fragrant, almost pure white semi-double to double flowers.","Water deeply during dry periods.","East / South / West","Fertile, humus-rich, moist; Old rose soil; black spot risk","Prune floribunda roses in late winter, reducing shoots to a strong framework.","","Jun-Oct","","","","","","","","","","","ICEBERG ('Korbin')","H6","Very floriferous and cold hardy though black spot may occur.","Rose borders, hedging, mass planting and containers.","1–1.5 m H × 0.5–1 m W","","","14","10","11","8","85","60","Thorns can injure skin.","","Hardy throughout the UK.","Deciduous; glossy green compound leaves.","","","",""
"1","Rose 'New Dawn'","Rosa 'New Dawn'","340","Vigorous repeat-flowering climbing rose with clusters of fragrant soft blush-pink semi-double flowers.","Water deeply during dry periods, particularly while establishing.","East / South / West","Fertile, humus-rich, moist; Never plant into old rose soil","Prune and train climbing stems in late winter; tie new growth horizontally to encourage flowers.","","Jun-Oct","","","","","","","","","","","'New Dawn'","H6","Very hardy and vigorous.","Walls, arches, pergolas and fences.","2.5–4 m H × 1.5–2.5 m W","","","17","10","11","8","75","45","Thorns can injure skin.","","Hardy throughout the UK.","Deciduous; glossy green compound leaves.","","","",""
"1","Rugosa Rose","Rosa rugosa","330","Dense suckering shrub rose with strongly wrinkled leaves, fragrant pink flowers and large tomato-like red-orange hips.","Water while establishing; highly drought tolerant once mature.","South / West","Any, even poor and sandy; Suckers vigorously into a thicket","Prune lightly in late winter and remove old stems where renovation is required.","","Jun-Oct","","","","","","","","","","","","H7","Extremely hardy, salt tolerant and drought resistant.","Coastal gardens, wildlife hedges, difficult sites and informal screening.","1–1.5 m H × 1–1.5 m W","","","17","7","5","5","90","65","Thorns can injure skin; irritating hairs occur inside the hips.","Rosa rugosa is listed on Schedule 9. It is not banned from sale, but it must not be planted or otherwise caused to grow in the wild. Prevent spread, particularly near dunes, shingle and other semi-natural coastal habitats.","Extremely hardy, below -20°C.","Deciduous; deeply wrinkled dark green foliage.","","","",""
"1","English Lavender 'Hidcote'","Lavandula angustifolia 'Hidcote'","270","Compact aromatic evergreen shrub with narrow grey-green foliage and dense spikes of deep violet-purple flowers.","Water while establishing; drought tolerant once mature.","South / West","Free-draining, alkaline; Winter wet kills it, not the cold","Trim after flowering, keeping cuts within leafy growth rather than old bare wood.","","Jun-Aug","","","","","","","","","","","'Hidcote'","H5","Very drought tolerant and excellent in exposed sunny positions.","Edging, gravel gardens, pollinator planting and containers.","0.5–1 m H × 0.5–1 m W","","","10","3","4","5","100","80","","","Hardy in most UK locations with good drainage.","Evergreen; narrow aromatic grey-green leaves.","","","",""
"1","Boston Ivy","Parthenocissus tricuspidata","0","Vigorous self-clinging deciduous climber with glossy three-lobed leaves turning spectacular crimson-red in autumn.","Water while establishing.","East / South / West","Any, moist but drained; Will cover gutters, roofs and windows","Prune in winter to control size, with additional summer trimming around structures.","","Sep-Nov","","","","","","","","","","","","H5","Vigorous and highly adaptable.","Large walls, buildings and boundary structures.",">12 m H × 4–8 m W","","","19","3","7","8","65","30","Berries are harmful if eaten and sap may irritate skin.","","Hardy in most UK locations.","Deciduous; glossy green leaves turning crimson and purple.","","","",""
"1","Winter Jasmine","Jasminum nudiflorum","55","Arching deciduous shrub producing bright yellow star-shaped flowers on bare green stems throughout winter.","Water while establishing; moderate drought tolerance thereafter.","East / South / West","Any soil, well-drained; Avoid waterlogged ground","Prune after flowering, shortening flowered shoots and removing congested old stems.","","Dec-Feb","","","","","","","","","","","","H5","Tough, reliable and tolerant of urban conditions.","Walls, banks, slopes and winter-interest borders.","1.5–2.5 m H × 1.5–2.5 m W","","","14","3","7","5","65","30","","","Hardy in most UK locations.","Deciduous; small trifoliate green leaves.","","","",""
"1","Clematis 'Jackmanii'","Clematis 'Jackmanii'","275","Vigorous deciduous climber producing masses of large velvety violet-purple flowers through summer.","Water regularly while establishing and during dry weather.","East / South / West","Fertile, moist, drained; Keep the root zone cool and shaded","Pruning Group 3: cut stems back hard in late winter to strong buds around 15–30 cm above ground.","","Jun-Sep","","","","","","","","","","","'Jackmanii'","H6","Reliable and vigorous once established.","Walls, fences, pergolas and obelisks.","2.5–4 m H × 1–1.5 m W","","","16","7","12","7","70","40","Harmful if eaten and sap may irritate skin.","","Hardy throughout the UK.","Deciduous; compound green leaves.","","","",""
"1","Hosta 'Halcyon'","Hosta × tardiana 'Halcyon'","210","Clump-forming perennial with thick heart-shaped blue-grey leaves and pale lavender flowers on upright stems.","Keep evenly moist during active growth.","North / East","Fertile, humus-rich, moist; Slugs and snails will shred it","Remove dead foliage after autumn dieback.","","Mar-Aug","","","","","","","","","","","'Halcyon'","H7","Very hardy but highly vulnerable to slugs and snails.","Shade gardens, woodland borders and containers.","0.5–1 m H × 0.5–1 m W","","","9","15","14","7","25","5","Harmful to dogs and cats if eaten.","","Extremely hardy, below -20°C.","Herbaceous; thick blue-grey leaves.","","","",""
"1","Alum Root 'Palace Purple'","Heuchera villosa 'Palace Purple'","300","Evergreen to semi-evergreen perennial forming a mound of metallic bronze-purple lobed leaves with airy pale pink flowers.","Water during dry spells and establishment.","East / West","Fertile, moist, drained; Winter wet and summer drought","Remove old foliage in spring and faded flower stems as required.","","Jan-Dec","","","","","","","","","","","'Palace Purple'","H6","Cold hardy and adaptable.","Borders, edging, ground cover and containers.","0.1–0.5 m H × 0.5–1 m W","","","10","7","9","5","55","25","","","Hardy throughout the UK.","Evergreen to semi-evergreen; metallic bronze-purple leaves.","","","",""
"1","Masterwort 'Roma'","Astrantia 'Roma'","335","Clump-forming perennial bearing numerous soft pink pincushion-like flowerheads surrounded by papery bracts.","Keep moderately moist and water during extended dry periods.","East / West","Fertile, humus-rich, moist; Struggles in hot dry positions","Deadhead to encourage repeat flowering and cut old growth down after dormancy.","","Jun-Aug","","","","","","","","","","","'Roma'","H7","Highly cold hardy and reliable in moisture-retentive soil.","Cottage gardens, woodland edges, herbaceous borders and cut flowers.","0.5–1 m H × 0.5–1 m W","","","10","4","13","5","50","25","","","Extremely hardy, below -20°C.","Herbaceous; deeply lobed green basal leaves.","","","",""
"1","Astilbe 'Fanal'","Astilbe 'Fanal'","350","Compact perennial with dark divided foliage and dense upright plumes of deep crimson-red flowers.","Keep consistently moist, especially in sunny positions.","East / West","Fertile, humus-rich, moist; Never let it bake dry","Cut dead foliage and old flower stems to ground level in late winter.","","Jun-Jul","","","","","","","","","","","'Fanal'","H7","Very cold hardy but intolerant of prolonged drought.","Moist borders, woodland gardens, pond-side planting and containers.","0.5–1 m H × 0.5–1 m W","","","11","3","17","5","40","20","","","Extremely hardy, below -20°C.","Herbaceous; divided dark green to bronze-green foliage.","","","",""
"1","Bleeding Heart","Lamprocapnos spectabilis","340","Graceful herbaceous perennial with arching stems carrying dangling pink heart-shaped flowers with white inner petals.","Keep moderately moist while actively growing.","North / East","Humus-rich, moist, drained; Dies back in summer; mark the crown","Allow foliage to die naturally, then remove dead growth.","","Mar-Jun","","","","","","","","","","","","H6","Hardy and long-lived in cool humus-rich soil.","Woodland gardens, shaded borders and cottage gardens.","0.5–1 m H × 0.5–1 m W","","","12","5","12","5","35","15","Harmful if eaten and may irritate skin.","","Hardy throughout the UK.","Herbaceous; divided blue-green foliage.","","","",""
"1","Japanese Anemone 'Honorine Jobert'","Anemone × hybrida 'Honorine Jobert'","0","Tall herbaceous perennial with elegant pure white single flowers surrounding golden-yellow centres on branching stems.","Maintain moderate moisture, particularly during establishment.","East / West","Humus-rich, moist, drained; Spreads by rhizome once settled","Cut old flowering stems and foliage back after they die down.","","Aug-Nov","","","","","","","","","","","'Honorine Jobert'","H7","Very hardy and long-lived once established.","Woodland edges, herbaceous borders, cottage gardens and late-season displays.","1–1.5 m H × 0.5–1 m W","","","13","5","11","5","55","25","Harmful if eaten and sap may irritate skin.","","Extremely hardy, below -20°C.","Herbaceous; divided dark green basal leaves.","","","",""
"1","Montbretia 'Lucifer'","Crocosmia 'Lucifer'","5","Bold clump-forming perennial with sword-shaped foliage and arching sprays of intense scarlet-red flowers.","Water in prolonged dry periods during active growth.","East / South / West","Fertile, moist, drained; Winter wet rots the corms","Remove spent flower stems and cut foliage back after it dies naturally.","","Aug-Sep","","","","","","","","","","","'Lucifer'","H5","Robust and vigorous once established.","Borders, prairie planting and cut flowers.","1–1.5 m H × 0.5–1 m W","","","16","5","10","4","80","45","","","Hardy in most UK locations.","Herbaceous; upright sword-shaped green leaves.","","","",""
"1","Black-eyed Susan 'Goldsturm'","Rudbeckia fulgida var. sullivantii 'Goldsturm'","50","Clump-forming perennial producing masses of golden-yellow daisies with prominent dark brown central cones.","Water during establishment and prolonged dry periods.","South / West","Fertile, moist, drained; Shade costs you the flowers","Deadhead if desired; cut stems back after flowering or leave seedheads for winter interest.","","Aug-Nov","","","","","","","","","","","'Goldsturm'","H6","Robust, dependable and cold hardy.","Prairie planting, borders, wildlife gardens and cut flowers.","0.5–1 m H × 0.5–1 m W","","","15","4","10","4","90","65","","","Hardy throughout the UK.","Herbaceous; coarse dark green leaves.","","","",""
"1","Delphinium Black Knight Group","Delphinium Black Knight Group","250","Tall herbaceous perennial bearing imposing spikes of semi-double deep blue-purple flowers with dark centres.","Keep evenly moist during growth.","South / West","Fertile, moist, drained; Stake it; wind snaps the spikes","Cut faded flower spikes back after blooming; cut dead foliage to ground level later in the year.","","Jun-Aug","","","","","","","","","","","Black Knight Group","H5","Cold hardy but vulnerable to slugs, snails and wind damage.","Cottage gardens, herbaceous borders and cut flowers.","1.5–2.5 m H × 0.5–1 m W","","","15","13","13","11","90","70","All parts are harmful if eaten.","","Hardy in most UK locations.","Herbaceous; deeply lobed green leaves.","","","",""
"1","Fede Chinese Fringe Flower","Loropetalum chinense var. rubrum 'Fede'","345","Deep purple evergreen foliage · bright-pink tasselled spring flowers · rounded habit","Moderate; water during summer dry spells","East / South / West","Humus-rich, well-drained; Sheltered · avoid chalk and waterlogging","Prune minimally after flowering if required","","Jan-Dec","","","","","","","","","","","","H4","generally pest free · evergreen","containers · shrub borders · specimen","1–1.5 m H × 1–1.5 m W","","","8","3","9","8","75","45","","","H4 inferred from RHS var. rubrum guidance and UK cold-tolerance sources","evergreen","","","",""
"1","Black mondo grass","Ophiopogon planiscapus 'Kokuryū'","285","Arching near-black leaves · small mauve flowers · glossy black berries","Moderate; water in prolonged dry spells","East / South / West","Moist, well-drained","No routine pruning","","Jan-Dec","","","","","","","","","","","syn. Ophiopogon planiscapus 'Nigrescens'; 'Nigra'; 'Black Dragon'","H5","shade tolerant · coastal tolerant","ground cover · edging · containers · foliage contrast","15–20 cm H × 30–50 cm W","","","7","5","9","4","62","40","","","Hardy through a cold UK winter, withstanding -15 to -10C.","evergreen","","","",""
"1","Rubber plant","Ficus elastica","120","Broad glossy leathery leaves · pale midrib · upright single stem","Water when the top of the compost dries; less in winter","East / South / West","Moist, well-drained; Bright indirect light · no cold draughts","Prune in spring to control height; cut stems bleed white sap","","Jan-Dec","","","","","","","","","","","","H1b","","houseplants · conservatories · indoor specimens","2–3 m H × 1–1.5 m W","","","10","8","8","5","60","35","Milky sap is harmful if eaten and may irritate skin and eyes","","RHS H1b; indoors or under glass, roughly 10-15°C minimum","evergreen","","","",""
"1","Ninebark 'Little Devil'","Physocarpus opulifolius LITTLE DEVIL ('Donna May')","280","Compact rounded shrub · small dark purple leaves · clusters of pale flowers in summer","Keep moist, not waterlogged","East / South / West","Any, fertile; Avoid drought and waterlogging while young","Pruning group 1; remove older stems after flowering to keep it compact","","May-Aug","","","","","","","","","","","trade name LITTLE DEVIL; cultivar 'Donna May' (PP22634); the deck previously carried 'Minall2', which is ALL BLACK's code","H6","robust · adaptable · tolerates urban conditions","shrub borders · mixed planting · hedging · screening · containers","1–1.5 m H × 1–1.5 m W","","","14","4","10","6","75","45","","","Hardy throughout the UK","","","","",""
"1","Copper beech","Fagus sylvatica (Atropurpurea Group)","275","Deep purple foliage · smooth grey bark · reddish-copper autumn colour","Moderate; water in dry spells","Any aspect","Moist, well-drained; Avoid prolonged drought · avoid waterlogging","Pruning Group 1; prune in late summer if required","","Apr-Nov","","","","","","","","","","","syn. Fagus sylvatica Cuprea Group; Purple-leaved Group; Purpurea Group; 'Atropurpurea'; 'Cuprea'; 'Purpurea'","H6","cold hardy · pollution tolerant · urban suitable","specimen · hedging · screening · woodland gardens","20–30 m H × 8–15 m W","","","10","10","10","7","88","55","Harmful if eaten by dogs","","RHS H6","deciduous","","","",""
"1","Groundbreaker Blush hydrangea","Hydrangea paniculata 'LC NO21'","345","Low spreading habit · white panicles ageing through soft blush to pink-red","Moderate; water regularly during dry spells","Any aspect","Moist, fertile, well-drained; Avoid prolonged drought and waterlogging","Prune in spring if required; remove weak or damaged growth","","Jul-Nov","","","","","","","","","","","trade name Groundbreaker® Blush™; Groundbreaker® series; breeder denomination 'LC NO21'","H5","cold hardy","ground cover · border edging · small gardens · patio containers","30–40 cm H × 60–100 cm W","","","12","7","12","5","80","45","","PBR protected","Breeder reports hardy to -30°C","deciduous","","","",""
"1","Firethorn 'Red Star'","Pyracantha 'Red Star'","0","Dark evergreen and near thornless · white flower heads, then heavy red autumn berries","Water while establishing · tolerates dry after","East / South / West","Any drained soil, any pH; Not persistently waterlogged ground","Flowers on last year's wood · thin after flowering, spare the berries","","Sep-Nov","","","","","","","","","","","Red Star","H6","Hardy, adaptable and tolerant of dry free-draining soils once established","Wildlife gardens · hedging and screens · wall training · security","2.5-4m H × 2.5-4m W","","","14","10","7","7","70","40","Ornamental fruits should not be eaten. Thorny growth can injure skin; wear gloves when handling.","","Hardy throughout the UK and northern Europe, approximately -20 to -15°C.","evergreen","","","",""
"1","Variegated Kiwi Vine","Actinidia kolomikta","330","Heart-shaped leaves tipped white then flushed pink · small white flowers","Keep evenly watered, never waterlogged","South / West","Fertile, moist, drained; Shade dulls the white and pink colouring","Prune in late winter · thin congestion and tie in the keepers","","May-Aug","","","","","","","","","","","","H5","Cold hardy and vigorous · wants shelter and steady moisture","Sunny walls, fences, pergolas, trellis and ornamental foliage displays","4-8m H × 4-8m W","","","17","3","12","9","90","70","","","Hardy in most UK locations, approximately -15 to -10°C.","Deciduous; ovate green leaves on mature plants develop striking silver-white areas followed by pink flushing.","","","",""
"1","Bee balm","Monarda didyma","350","Upright aromatic stems · shaggy whorled red to pink flowers · fresh green foliage","Keep evenly moist during summer and avoid allowing the root zone to dry completely","East / South / West","Fertile, moist, drained; Dry roots in summer bring mildew","Deadhead to prolong flowering then cut stems to ground level in autumn","","Jul-Aug","","","","","","","","","","","","H5","Hardy but prone to powdery mildew during hot dry weather; slugs may attack young shoots","Herbaceous borders · prairie planting · wildlife gardens · pollinator planting · cut flowers","0.5-1m H × 0.1-0.5m W","","","12","7","14","7","85","55","","","Hardy in most UK gardens, approximately -15 to -10°C","Deciduous","","","",""
"1","Arum lily","Zantedeschia aethiopica","0","Large glossy arrow-shaped leaves · elegant white funnel-shaped spathes · yellow central spadix","Keep consistently moist during active growth; tolerates boggy conditions","East / South / West","Fertile, reliably moist; Protect the crown in a cold garden","Remove faded flower stems and cut away dead foliage after frost damage","","May-Aug","","","","","","","","","","","","H4","Robust in moist sheltered conditions; established crowns become increasingly winter resistant","Bog gardens · pond margins · exotic borders · containers · contemporary planting","0.5-1m H × 0.5-1m W","","","12","7","17","7","75","40","Harmful if eaten; sap can irritate skin and eyes","","Hardy through much of the UK to roughly -10 to -5°C with protection in colder sites","Semi-evergreen","","","",""
"1","Liquorice plant","Helichrysum petiolare","0","Trailing white stems · soft rounded silver-grey felted foliage · small dull-white flowerheads","Water during prolonged dry spells but avoid constantly wet compost","South / East","Any, moist but drained; Needs sharp drainage and frost shelter","Trim as required to maintain compact trailing growth","","Jun-Oct","","","","","","","","","","","","H3","Drought and coastal tolerant once established but not reliably hardy in cold UK winters","Hanging baskets · containers · silver foliage schemes · coastal gardens · bedding","0.1-0.45m H × 1-1.5m W","","","14","4","6","6","95","80","","","Hardy in mild coastal areas but vulnerable below roughly -5°C","Evergreen","","","",""
